排名,书名,作者及出品方,出版社,出版年份,现价,原价,折扣
1,基本演绎法,"刘洪波, 李媛媛, 刘潋  著,酷威文化 出品",四川文艺出版社,2020-08-01,¥17.10,¥39.80,4.3折
2,西方美学史,朱光潜，酷威文化 出品,江苏凤凰文艺出版社,2019-11-01,¥28.40,¥78.00,3.6折
3,论语译注,杨伯峻 译注,中华书局,2017-08-01,¥16.90,¥26.00,6.5折
4,简单逻辑学 改变思维方式第一书 ,吴昱荣,中国华侨出版社,2013-07-01,¥14.90,¥29.80,5.0折
5,季羡林谈人生,季羡林 著，季羡林研究所 编,当代中国出版社,2009-03-01,¥13.60,¥19.00,7.2折
6,资本论,马克思,上海三联书店,2009-04-01,¥74.40,¥158.00,4.7折
7,单独中的洞见,张方宇，酷威文化 出品,四川文艺出版社,2018-07-01,¥19.00,¥38.00,5.0折
8,易经杂说,南怀瑾,复旦大学出版社,2013-09-01,¥16.50,¥21.00,7.9折
9,陈果：好的孤独,陈果  著；读客文化 出品,江苏凤凰文艺出版社,2017-04-19,¥18.00,¥36.00,5.0折
10,老子他说,南怀瑾  著述,复旦大学出版社,2005-12-01,¥18.90,¥24.00,7.9折
11,美的历程（精装）,李泽厚 著,生活.读书.新知三联书店,2009-07-01,¥33.90,¥43.00,7.9折
12,每时每刻皆为逍遥时光,费勇著,江苏文艺出版社,2014-07-01,¥35.00,¥35.00,10.0折
13,懂你,陈果,山东画报出版社,2016-06-01,¥15.60,¥24.00,6.5折
14,南怀瑾选集 (套装全十册),南怀瑾,复旦大学出版社,2006-06-01,¥296.60,¥412.00,7.2折
15,尼采的心灵咒语2,(德) 尼采著,江苏文艺出版社,2013-10-01,¥22.10,¥28.00,7.9折
16,菜根谭,（明）洪应明　著，韩世元　评析,当代世界出版社,2008-01-01,¥9.30,¥20.00,4.7折
17,给快节奏时代的简单哲学,[英]阿兰・斯蒂芬 著，王亚庆 译，酷威文化 出品,四川文艺出版社,2020-02-01,¥19.90,¥39.80,5.0折
18,做才是得到――索达吉堪布给你点滴加持,索达吉堪布,读者出版社,2012-11-01,¥18.80,¥38.00,4.9折
19,天堂的证据,(美)亚历山大,百花洲文艺出版社,2013-07-01,¥25.20,¥35.00,7.2折
20,次第花开 修订版,希阿荣博堪布,海南出版社,2017-02-01,¥19.90,¥39.80,5.0折
21,沉思录 买中文版送英文版 一力文库,〔古罗马〕马可•奥勒留　著,上海三联书店,2008-05-01,¥13.20,¥22.00,6.0折
22,宽心-心宽，眼前世界随之敞亮，事事畅通，星云大师接引康宁安乐,星云大师　著,江苏文艺出版社,2009-06-01,¥13.90,¥28.00,5.0折
23,金刚经说什么,南怀瑾　著述,复旦大学出版社,2012-10-01,¥23.70,¥30.00,7.9折
24,于丹《庄子》心得,于丹  著,中国民主法制出版社,2007-02-01,¥10.00,¥20.00,5.0折
25,故道白云,一行禅师，何蕙仪  译,线装书局,2007-06-01,¥12.40,¥38.00,3.3折
26,不抑郁的活法：六祖坛经修心课,None,华东师范大学出版社,2013-11-01,¥24.00,¥32.00,7.5折
27,你以为你以为的就是你以为的吗：12道监测思考清晰度的逻辑谜题,巴吉尼,中国人民大学出版社,2012-03-01,¥29.80,¥39.80,7.5折
28,人生的智慧,（德）叔本华　著；韦启昌　译,上海人民出版社,2008-10-01,¥22.10,¥28.00,7.9折
29,不焦虑的女人 金刚经教授女人静心课,静柏心然 著,中国财富出版社,2014-05-01,¥16.00,¥32.00,5.0折
30,明朝一哥王阳明,吕峥,湖南人民出版社,2013-03-01,¥24.10,¥35.00,6.9折
31,老子他说续集,南怀瑾,东方出版社,2010-06-01,¥29.20,¥39.00,7.5折
32,姥姥语录,倪萍,长江文艺出版社,2017-03-01,¥21.00,¥42.00,5.0折
33,超越死亡：恩宠与勇气,（美）威尔伯  著，胡因梦，刘清彦  译,生活.读书.新知三联书店,2011-04-01,¥26.90,¥39.00,6.9折
34,马克思为什么是对的,(英)特里・伊格尔顿 (Terry Eagleton) 　著，李杨，任文科，郑义　译,新星出版社,2011-07-01,¥21.60,¥30.00,7.2折
35,瑜伽师地论 声闻地讲录,南怀瑾 讲述,东方出版社,2012-11-01,¥21.00,¥48.00,4.4折
36,这个和尚有点萌:中国最萌法师延参与小徒弟的故事！绳命是入刺的井采，人生是剁么的回晃！,延参法师　著,安徽人民出版社,2012-09-01,¥14.40,¥28.80,5.0折
37,沉思录,作者 玛克斯・奥勒留，译者 梁实秋，果麦文化 出品,天津人民出版社,2017-09-01,¥17.80,¥36.00,4.9折
38,呼吸之间,李谨伯,华夏出版社,2013-01-01,¥52.10,¥66.00,7.9折
39,金刚经说什么,南怀瑾  著述,复旦大学出版社,2005-01-01,¥21.30,¥27.00,7.9折
40,四书五经,《书立方》编委会　编,重庆出版社,2010-04-01,¥5.00,¥10.00,5.0折
41,樊登推荐 道德经说什么,韩鹏杰 ，果麦文化  出品,江西人民出版社,2019-07-01,¥48.60,¥81.00,6.0折
42,不焦虑的活法：金刚经修心课,费勇  著,华东师范大学出版社,2013-07-04,¥24.00,¥32.00,7.5折
43,五百年来王阳明   ,郦波  著,上海人民出版社,2017-08-01,¥53.60,¥68.00,7.9折
44,与神对话,尼尔•唐纳德•沃尔什  著，李继宏　　译,上海书店出版社,2011-12-01,¥75.00,¥150.00,5.0折
45,这个世界会好吗？,梁漱溟,天津教育出版社,2011-06-01,¥19.00,¥38.00,5.0折
46,四书五经,（春秋）孔子　等著,中国纺织出版社,2012-11-01,¥14.90,¥29.80,5.0折
47,韩非子--,高华平，王齐洲，张三夕　译注,中华书局,2010-06-01,¥31.50,¥42.00,7.5折
48,易经系传别讲,南怀瑾　著述,复旦大学出版社,2012-04-01,¥26.80,¥34.00,7.9折
49,逆境中觉醒,加措活佛,云南人民出版社,2017-12-31,¥23.80,¥48.00,5.0折
50,中国哲学简史(兴业用书),"冯友兰　著, 涂又光　译",北京大学出版社,2010-08-01,¥26.00,¥33.00,7.9折
51,不焦虑的活法・实践版：阿弥陀佛修心课,费勇,三秦出版社,2015-02-01,¥24.00,¥32.00,7.5折
52,庄子�Q��.上/南怀瑾讲述,南怀瑾 讲述,上海人民出版社,2007-06-01,¥22.10,¥28.00,7.9折
53,美学四讲：与《美的历程》《华夏美学》并称李泽厚“美学三书”，奠定李泽厚在西方哲学界的泰斗地位，一部让...,李泽厚,长江文艺出版社,2019-07-01,¥19.50,¥39.00,5.0折
54,洞见,罗伯特・赖特 著，宋伟 译，联合读创 出品,北京联合出版有限公司,2020-08-01,¥38.60,¥78.00,4.9折
55,金刚经说什么,南怀瑾,复旦大学出版社,2016-04-01,¥27.60,¥42.00,6.6折
56,陈果：好的爱情,陈果 著；读客文化 出品,人民日报出版社,2018-04-22,¥19.50,¥39.00,5.0折
57,半小时漫画中国哲学史,陈磊.半小时漫画团队 著;读客文化 出品,江苏凤凰文艺出版社,2020-08-31,¥22.40,¥49.90,4.5折
58,论语译注,杨伯峻　译注,中华书局,2009-10-01,¥16.50,¥22.00,7.5折
59,了凡四训（插图本）,(明)袁了凡　撰，尚荣，徐敏　评注,中华书局,2008-09-01,¥12.00,¥16.00,7.5折
60,包容的智慧Ⅱ：修好这颗心,"星云大师,刘长乐",江苏文艺出版社,2010-10-01,¥17.50,¥35.00,5.0折
61,理想国,（古希腊）柏拉图 著，郭斌和，张竹明 译,商务印书馆,1986-08-01,¥22.10,¥28.00,7.9折
62,易中天：禅的故事,易中天，绘者 黄永厚，果麦文化 出品,浙江文艺出版社,2018-07-01,¥51.80,¥69.00,7.5折
63,厚道：星云大师的人生成功课--《宽心》《舍得》后，力挺《厚道》风度：做一枚人间磁石，做情感的知音、事业...,星云大师  著,江苏文艺出版社,2010-08-01,¥14.90,¥29.80,5.0折
64,写在人生边上 人生边上的边上 石语,钱锺书著,生活.读书.新知三联书店,2002-10-01,¥21.30,¥27.00,7.9折
65,易经杂说,南怀瑾,东方出版社,2019-04-01,¥24.00,¥48.00,5.0折
66,读佛即是拜佛：六祖慧能传,明一居士 著；读客文化 出品,上海世纪出版股份有限公司发行中心（上海锦绣文章）,2011-04-01,¥21.40,¥29.80,7.2折
67,学会提问－批判性思维指南--心理学导读系列,（美）布朗，（美）基利　著，赵玉芳　等译,中国轻工业出版社,2006-01-01,¥13.50,¥18.00,7.5折
68,哲学问题,"[英]罗素（Russell,B.）",商务印书馆,2007-04-01,¥11.80,¥15.00,7.9折
69,论语别裁,南怀瑾,东方出版社,2018-05-01,¥49.00,¥98.00,5.0折
70,西藏生死书,索甲仁波切 著，新经典 出品,浙江大学出版社,2018-06-01,¥37.70,¥58.00,6.5折
71,先秦诸子百家争鸣,易中天,上海文艺出版社,2008-12-01,¥20.80,¥29.00,7.2折
72,理想国(汉译名著本),[古希腊]柏拉图 著，郭斌和 张竹明 译,商务印书馆,1986-08-01,¥33.10,¥42.00,7.9折
73,不抑郁的活法――实践版：法华经修心课,费勇教授,三秦出版社,2015-02-01,¥26.20,¥35.00,7.5折
74,存在主义咖啡馆――自由、存在和杏子鸡尾酒,（英）莎拉・贝克韦尔（Sarah Bakewell）,北京联合出版有限公司,2017-12-01,¥46.70,¥88.00,5.3折
75,美学散步,宗白华,上海人民出版社,2017-03-01,¥28.40,¥36.00,7.9折
76,商君书(精)中华经典名著全本全注全译丛书,石磊　译注,中华书局,2011-10-01,¥10.50,¥14.00,7.5折
77,戴建业精读老子,戴建业，果麦文化 出品,上海文艺出版社,2019-08-01,¥37.80,¥58.00,6.5折
78,道德经说什么：教您做得道之人的生命学宝典,罗大伦著，紫图出品,北京联合出版公司,2019-05-01,¥39.50,¥79.90,4.9折
79,果麦经典：了凡四训,袁了凡 著，译者 费勇，果麦文化 出品,三秦出版社,2017-09-01,¥15.80,¥32.00,4.9折
80,华夏美学：与《美的历程》《美学四讲》并称李泽厚“美学三书”，深刻洞见中华传统美学，一本书读懂中国美学...,李泽厚,长江文艺出版社,2019-07-01,¥19.90,¥39.80,5.0折
81,灵魂的事,史铁生  著,天津教育出版社,2010-04-01,¥21.80,¥35.00,6.2折
82,中国现代哲学史,冯友兰  著,广东人民出版社,1999-08-01,¥11.40,¥23.80,4.8折
83,与心对话,嘎玛仁波切,江苏文艺出版社,2017-11-01,¥19.70,¥39.80,4.9折
84,见识城邦・美，看不见的竞争力,蒋勋　著,中信出版社,2011-10-01,¥26.20,¥35.00,7.5折
85,禅与生命的认知初讲―,南怀瑾 讲述,东方出版社,2009-03-01,¥22.80,¥38.00,6.0折
86,生命这出戏,希阿荣博堪布  著,华文出版社,2013-05-01,¥19.00,¥38.00,5.0折
87,冥想,斯瓦米.拉玛，果麦文化 出品,天津人民出版社,2016-11-23,¥26.20,¥35.00,7.5折
88,苦才是人生,索达吉堪布  著,读者出版社,2012-11-01,¥38.00,¥76.00,5.0折
89,易经的智慧2：从小有畜聚到见微知著,曾仕强  著,陕西师范大学出版社,2012-04-01,¥24.80,¥36.00,6.9折
90,美学散步,宗白华著,上海人民出版社,2011-09-01,¥19.70,¥25.00,7.9折
91,星云法师释佛,星云法师  原著,长安出版社发行部,2005-08-01,¥12.50,¥28.00,4.5折
92,庄子�Q��,南怀瑾 讲述,上海人民出版社,2007-07-01,¥15.80,¥20.00,7.9折
93,平常茶 非常道――启发精选好书,林清玄,河北教育出版社,2008-04-01,¥13.40,¥26.80,5.0折
94,艺术人类学,易中天，果麦文化 出品,上海文艺出版社,2020-08-01,¥51.70,¥69.00,7.5折
95,如果没有今天，明天会不会有昨天？――55个让人类疯狂的思想实验,伊夫・博萨尔特（Yves Bossart）,民主与建设出版社,2017-01-01,¥17.50,¥35.00,5.0折
96,金刚经：净空法师讲,净空法师　著,长江文艺出版社,2010-01-01,¥13.00,¥26.00,5.0折
97,佛教十三经--中华经典普及文库,鸠摩罗什，等,中华书局,2010-11-01,¥18.00,¥24.00,7.5折
98,西方哲学史,(英)罗素　著，何兆武，李约瑟　译,商务印书馆,,¥28.40,¥36.00,7.9折
99,当企业家遇上禅,［美］马可•雷瑟，刘庆婧　译,None,2012-01-01,¥16.00,¥32.00,5.0折
100,释梦,（奥）弗洛伊德  著，孙名之  译,商务印书馆,1996-12-01,¥36.30,¥46.00,7.9折
101,查拉图斯特拉如是说 详注本,[德]尼采,生活.读书.新知三联书店,2012-06-01,¥30.00,¥38.00,7.9折
102,孟子与公孙丑―,南怀瑾,东方出版社,2011-08-01,¥18.70,¥26.00,7.2折
103,与生命相约:一行禅师的人生幸福三讲(初恋三摩地、般若之心、与生命相约)(第一辑),一行禅师,紫禁城出版社,2010-10-01,¥17.60,¥38.00,4.6折
104,墨菲定律,阳知行,中国商业出版社,2018-02-02,¥16.00,¥48.00,3.3折
105,大师谈世事：看人生、观处世、观生死,妙皇，黄敏　主编,长江文艺出版社,2010-05-01,¥12.60,¥67.00,1.9折
106,马克思1844年经济学哲学手稿,（德）马克思（Marx，K.） 著，中共中央马克思恩格斯列宁斯大林著作编译局 编译,人民出版社,2002-12-01,¥9.40,¥12.00,7.8折
107,传习录,王阳明，译者 费勇，果麦文化 出品,三秦出版社,2018-07-01,¥29.00,¥58.00,5.0折
108,觉悟的生活：星云大师说《心经》,星云大师著,湖南文艺出版社,2011-01-01,¥12.80,¥26.00,4.9折
109,西方哲学史,（英）罗素  著，马元德  译,商务印书馆,1976-06-01,¥23.70,¥30.00,7.9折
110,如果会吃饭，你就会成佛(生活禅“修行”笔记，教你拥有365天不抱怨的智慧，塑造淡定再淡定的强大内心！),马明博,花城出版社,2011-10-01,¥13.10,¥29.00,4.5折
111,DK 宗教百科全书,英国DK公司,中国大百科全书出版社,2017-03-01,¥68.30,¥138.00,4.9折
112,成为你自己：禅说心灵成长八部曲,妙参,中国华侨出版社,2011-01-01,¥13.30,¥28.00,4.8折
113,论语诠解,杨朝明 编,山东友谊出版社,2013-11-01,¥24.00,¥48.00,5.0折
114,四书五经中华经典普及文库,本书编写组,中华书局,2009-01-01,¥28.50,¥38.00,7.5折
115,我说参同契（上 中 下）（精装）―,南怀瑾 讲述,东方出版社,2010-07-01,¥90.00,¥120.00,7.5折
116,廿一世纪初的前言后语,南怀瑾,东方出版社,2013-06-01,¥32.20,¥43.00,7.5折
117,舍得：星云大师的人生经营课,星云大师　著,江苏文艺出版社,2011-04-01,¥49.50,¥49.50,10.0折
118,我们都是孤独的行路人,周国平 著，博集天卷 出品,湖南文艺出版社,2017-03-01,¥19.50,¥39.00,5.0折
119,我说参同契（上）―,南怀瑾 讲述,东方出版社,2009-05-01,¥16.00,¥32.00,5.0折
120,禅的行囊,〔美〕波特　著，叶南　译,南海出版公司,2010-10-01,¥23.00,¥32.00,7.2折
121,佛教十三经,赖永海 主编,中华书局,2016-08-01,¥178.50,¥238.00,7.5折
122,星云大师・佛光三宝礼盒--内赠镀金护身卡一张，手书墨宝三幅,星云大师  著,江苏文艺出版社,2011-11-01,¥280.80,¥468.00,6.0折
123,一个瑜伽行者的自传,（印）尤迦南达  著，王嘉达  译,陕西师范大学出版社,2006-01-01,¥19.30,¥28.00,6.9折
124,中央帝国的哲学密码,郭建龙,鹭江出版社,2018-09-01,¥46.60,¥78.00,6.0折
125,论语,本社  编,中华书局,2006-12-01,¥7.30,¥9.80,7.4折
126,易经的智慧3：从铲除梗碍到光明大道,曾仕强,陕西师范大学出版社,2012-10-01,¥25.90,¥36.00,7.2折
127,孟子--,方勇  译注,中华书局,2010-06-01,¥13.50,¥18.00,7.5折
128,拯救与逍遥（刘小枫 著）,刘小枫著,华东师范大学出版社,2012-03-01,¥41.70,¥58.00,7.2折
129,道家、密宗与东方神秘学,南怀瑾 著述,复旦大学出版社,2003-12-01,¥16.50,¥21.00,7.9折
130,于丹《论语》心得,于丹,生活.读书.新知三联书店,2017-04-01,¥31.40,¥39.80,7.9折
131,你可以不生气,一行禅师 著，游欣慈 译,海南出版社,2011-10-01,¥20.10,¥28.00,7.2折
132,论语别裁,南怀瑾　著,复旦大学出版社,2011-11-01,¥38.70,¥49.00,7.9折
133,维摩诘的花雨满天（上）―,南怀瑾,东方出版社,2010-08-01,¥25.20,¥42.00,6.0折
134,福报：星云大师的人生财富课星云大师开释人生，点亮福报之源,星云大师,线装书局,2012-03-01,¥19.00,¥38.00,5.0折
135,人生十论――钱穆作品系列,钱穆 著,生活.读书.新知三联书店,2009-09-01,¥14.20,¥18.00,7.9折
136,人生的起点和终站,南怀瑾 讲述,上海人民出版社,2008-04-01,¥9.40,¥12.00,7.8折
137,佛祖来了（《释迦佛出世图》典藏本）,王孺童,华文出版社,2011-01-01,¥17.90,¥26.00,6.9折
138,禅宗与道家,南怀瑾,复旦大学出版社,2005-01-01,¥16.50,¥21.00,7.9折
139,逻辑学导论,（美）柯匹，（美）科恩  著，张建军  等译,中国人民大学出版社,2007-03-01,¥61.60,¥78.00,7.9折
140,定慧初修 南怀瑾 著述,南怀瑾 著,复旦大学出版社,2005-01-01,¥11.10,¥14.00,7.9折
141,奉他的名：为家庭祷告,【美】萨米蒂皮特（Sammy Tippit）　著，何欣　译,南方出版社,2012-10-01,¥13.10,¥19.00,6.9折
142,哥德尔・艾舍尔・巴赫――集异璧之大成,(美)侯世达　著，本书翻译组　译,商务印书馆,1997-05-01,¥55.20,¥69.90,7.9折
143,负暄闲语,周馥,中国书店出版社,2013-11-13,¥16.40,¥32.80,5.0折
144,群书治要360-简体中文版，群书治要菁华摘选，360条原文加解读,"(唐)魏征,等 编",中国华侨出版社,2012-06-01,¥4.70,¥15.00,3.1折
145,菜根谭（插图本）,（明）洪应明　撰，韩希明　评注,中华书局,2008-09-01,¥20.20,¥27.00,7.5折
146,存在与虚无 修订译本 四版,(法)萨特,生活.读书.新知三联书店,2012-06-01,¥37.90,¥48.00,7.9折
147,宽心：星云大师的人生幸福课,星云大师　著,江苏文艺出版社,2011-04-01,¥23.60,¥49.50,4.8折
148,曾国藩精选,（清）曾国藩　著，王峰　注,延边人民出版社,2010-11-01,¥28.80,¥48.00,6.0折
149,王阳明心学,张弛　编著,中国商业出版社,2014-05-01,¥22.00,¥32.00,6.9折
150,孟子与万章,南怀瑾,东方出版社,2013-05-01,¥12.00,¥16.00,7.5折
151,存在与时间,(德)海德格尔,生活.读书.新知三联书店,2012-06-01,¥33.10,¥42.00,7.9折
152,我说参同契（中）―,南怀瑾 讲述,东方出版社,2009-12-01,¥24.00,¥32.00,7.5折
153,西方哲学史,None,商务印书馆,1995-07-01,¥31.60,¥40.00,7.9折
154,性命圭旨,（明）尹真人高弟　撰,中央编译出版社,2013-01-01,¥19.00,¥38.00,5.0折
155,人生就要不断精进,星云大师,湖南文艺出版社,2017-09-01,¥19.70,¥39.80,4.9折
156,维摩诘的花雨满天,南怀瑾 讲述,东方出版社,2010-08-01,¥60.70,¥81.00,7.5折
157,维摩诘的花雨漫天,南怀瑾 讲述,东方出版社,2010-10-01,¥19.50,¥39.00,5.0折
158,一行禅师释佛,一行禅师  原著,长安出版社发行部,2005-08-01,¥13.30,¥28.00,4.8折
159,高手：精英的见识和我们的时代,万维钢,电子工业出版社,2017-11-01,¥32.50,¥65.00,5.0折
160,人之初――《佛说入胎经》今释―,李淑君  著,东方出版社,2009-07-01,¥18.00,¥25.00,7.2折
161,活出生命的意义,（美）弗兰克尔　著，吕娜　译,华夏出版社,2018-01-01,¥22.60,¥36.00,6.3折
162,我说参同契（下）―,南怀瑾 讲述,东方出版社,2010-03-01,¥18.00,¥30.00,6.0折
163,南怀瑾与彼得・圣吉：关于禅、生命和认知的对话,南怀瑾　讲述,上海人民出版社,2007-03-01,¥12.60,¥16.00,7.9折
164,幸福想你了,延参法师,北京日报出版社（原同心出版社）,2012-10-01,¥17.50,¥29.80,5.9折
165,北大人生哲学课 ,龙春华著,中国华侨出版社,2012-10-01,¥20.50,¥29.80,6.9折
166,你可以，爱,一行禅师　著,故宫出版社,,¥19.00,¥38.00,5.0折
167,浮云:开示最智慧活法,延参法师,长江文艺出版社,2013-03-01,¥23.60,¥32.80,7.2折
168,忏悔录(奥古斯丁)(汉译名著本),（古罗马）奥古斯丁　著，周士良　译,商务印书馆,,¥20.50,¥26.00,7.9折
169,墨子――中华经典藏书,李小龙  译注,中华书局,2007-03-01,¥11.20,¥15.00,7.5折
170,宽心・舍得・厚道,星云大师　著,江苏文艺出版社,2011-04-01,¥102.40,¥148.50,6.9折
171,于丹《庄子》心得,于丹  著,中国民主法制出版社,2007-06-01,¥26.30,¥35.00,7.5折
172,列子臆说（上，中，下）―,南怀瑾　讲述,人民出版社,2010-12-01,¥74.20,¥99.00,7.5折
173,大问题：简明哲学导论,[美]罗伯特・所罗门（Robert C. Solomon ）凯思林・希金斯（Kathleen M. Higgins）著 张卜天 译,清华大学出版社,2018-07-12,¥59.40,¥98.00,6.1折
174,于丹《庄子》心得,于丹,北京联合出版公司,2016-12-01,¥22.60,¥39.80,5.7折
175,谈美,朱光潜 著,中华书局,2010-08-01,¥10.30,¥15.00,6.9折
176,宽怀人生：延参法师的人生慧语,延参法师,商务印书馆国际有限公司,2012-02-01,¥22.60,¥32.80,6.9折
177,美学散步,宗白华  著,上海人民出版社,1981-06-01,¥15.80,¥20.00,7.9折
178,小逻辑,（德）黑格尔 著，贺麟 译,商务印书馆,1980-07-01,¥22.10,¥28.00,7.9折
179,思想史：从火到弗洛伊德,[英国] 彼得・沃森 著；胡翠娥 译,译林出版社,2017-12-01,¥122.80,¥248.00,5.0折
180,孟子与离娄,南怀瑾,东方出版社,2013-02-01,¥21.00,¥35.00,6.0折
181,易经的智慧4,主讲人曾仕强,陕西师范大学出版社,2013-03-01,¥25.90,¥36.00,7.2折
182,宗萨蒋扬钦哲仁波切典藏文集,（不丹）宗萨蒋扬钦哲仁波切,新星出版社,2018-06-01,¥94.50,¥189.00,5.0折
183,周易江湖：趣说《周易》的技法与实例,熊逸　著,武汉出版社,2012-03-01,¥6.60,¥35.00,1.9折
184,公正：该如何做是好？,（美）桑德尔　著，朱慧玲　译,中信出版社,2011-01-01,¥45.80,¥58.00,7.9折
185,六祖坛经：净空法师讲,净空法师  著,长江文艺出版社,2010-01-01,¥9.00,¥18.00,5.0折
186,中国哲学简史,冯友兰　著，赵复三　译,生活.读书.新知三联书店,2009-05-01,¥27.60,¥35.00,7.9折
187,和繁重的工作一起修行：平和喜乐地成就事业,一行禅师  著；读客文化 出品,河南文艺出版社,2015-01-01,¥14.00,¥28.00,5.0折
188,于丹趣品汉字,于丹,九州出版社,2018-04-01,¥9.50,¥58.00,1.6折
189,中国哲学简史,冯友兰　著，赵复三　译,江苏文艺出版社,2013-03-01,¥21.40,¥29.80,7.2折
190,老子今注今译(珍藏版)(陈鼓应道典诠释书系,陈鼓应 注译,商务印书馆,2016-05-01,¥44.20,¥56.00,7.9折
191,次第花开,希阿荣博堪布,海南出版社,2012-11-01,¥33.10,¥48.00,6.9折
192,于丹趣品人生,于丹 著,中信出版社,2011-10-01,¥20.50,¥29.80,6.9折
193,沉思录（何怀宏全新修订本）,马可・奥勒留 著，何怀宏 译，领读文化 出品,北京时代华文书局,2017-09-01,¥20.20,¥42.00,4.8折
194,厚道：星云大师的人生成功课,星云大师　著,江苏文艺出版社,2011-04-01,¥23.60,¥49.50,4.8折
195,房龙三部曲(珍藏版，全彩图文，全3册：《宽容》《圣经的故事》《人类的故事》)：让我们看到人类的过去，也看...,（美）房龙  著，王锐，王阳光  译,吉林出版集团有限责任公司,2009-06-01,¥33.30,¥80.70,4.1折
196,一切都还来得及,夏坝仁波切,读者出版社,2014-08-01,¥27.30,¥38.00,7.2折
197,星云禅语 硬精装套装,星云大师 讲述，禅如居士  整理,上海文化出版社,2011-11-01,¥32.00,¥64.00,5.0折
198,正见,(不丹)宗萨蒋扬钦哲仁波切 著，新经典 出品,新星出版社,2018-03-01,¥33.70,¥45.00,7.5折
199,汉译经典028－悲剧的诞生,(德国)尼采,译林出版社,2011-08-01,¥13.80,¥20.00,6.9折
200,老子绎读,任继愈,国家图书馆出版社,2015-04-10,¥14.40,¥29.00,5.0折
201,亲历宗教,玛丽•帕特•费舍尔   著,东方出版社,2011-09-01,¥37.90,¥79.60,4.8折
202,王阳明：人生即修行,鹤阑珊,中国友谊出版公司,2012-10-01,¥24.80,¥36.00,6.9折
203,四书五经,（春秋）孔子　等著,北京联合出版公司,2016-10-01,¥17.90,¥29.90,6.0折
204,全本周易,《中华经典必读》编委会　编著,中国纺织出版社,2012-11-01,¥9.40,¥29.80,3.2折
205,逻辑思维与诡辩：南开大学60堂改变思维方式的逻辑公开课,张晓芒 著，斯坦威 出品,台海出版社,2019-04-08,¥23.70,¥49.80,4.8折
206,宗教的本质(汉译名著本),[德] 费尔巴哈,商务印书馆,2010-10-01,¥7.90,¥10.00,7.9折
207,惊呆了！哲学这么好,田中正人 著，斋藤哲也 编，新经典 出品,南海出版公司,2018-02-01,¥29.50,¥59.00,5.0折
208,楞严大义今释,南怀瑾 著作,复旦大学出版社,2014-04-01,¥25.20,¥32.00,7.9折
209,走向十字架上的真（刘小枫 著）,刘小枫　著,华东师范大学出版社,2011-09-01,¥41.70,¥58.00,7.2折
210,禅话,南怀瑾  著述,复旦大学出版社,2005-02-01,¥11.00,¥14.00,7.9折
211,中国思想史,葛兆光著,复旦大学出版社,2013-07-01,¥101.10,¥128.00,7.9折
212,药师经的济世观,南怀瑾,复旦大学出版社,2004-06-01,¥16.50,¥21.00,7.9折
213,中国哲学简史(著名哲学家冯友兰畅销数百万册的经典。指引人生，充满洞见，了解中国哲学与中国文化必读。季羡...,冯友兰著，赵复三译,民主与建设出版社,2017-07-01,¥19.90,¥39.80,5.0折
214,内观――葛印卡的解脱之道,（美）哈特　著，台湾内观禅修基金会翻译小组　译,海南出版社,2009-08-01,¥17.20,¥25.00,6.9折
215,沉重的肉身（第六版）,刘小枫  著,华夏出版社,2007-07-01,¥18.80,¥29.00,6.5折
216,老子的心事――雪煮《道德经》第一辑,雪漠,中国大百科全书出版社,2017-01-01,¥24.00,¥48.00,5.0折
217,美学讲稿,易中天， 果麦文化 出品,上海文艺出版社,2019-01-01,¥41.30,¥59.00,7.0折
218,这一代人的怕和爱（增订本）,刘小枫 著,华夏出版社,2007-01-01,¥15.30,¥29.00,5.3折
219,你值得过更好的生活,[罗伯特・沙因费尔德] 著 胡尧译,中国青年出版社,2015-12-01,¥31.60,¥40.00,7.9折
220,藏传佛教象征符号与器物图解,"（英）比尔（Beer,R.） 著，向红笳  译",中国藏学出版社,2007-04-01,¥26.20,¥35.00,7.5折
221,读佛即是拜佛：地藏菩萨传,明一居士,凤凰出版社,2012-05-01,¥20.60,¥29.90,6.9折
222,守住这颗心,延参法师 著,北京日报出版社（原同心出版社）,2012-10-01,¥20.50,¥29.80,6.9折
223,一次完全读懂佛经,慧明,武汉出版社,2010-07-01,¥18.00,¥48.00,3.8折
224,原本大学微言,南怀瑾 著作,复旦大学出版社,2014-07-01,¥33.10,¥42.00,7.9折
225,老子的心事2――雪煮《道德经》第贰辑,雪漠,中国大百科全书出版社,2018-07-01,¥29.50,¥59.00,5.0折
226,易经的奥秘：完整版,曾仕强,北京时代华文书局,2017-07-10,¥50.30,¥64.00,7.9折
227,国学经典:鬼谷子全集,鬼谷子 著，陈才俊 编,海潮出版社,2007-12-01,¥22.80,¥35.00,6.5折
228,返璞归真,（英）路易斯 著，汪咏梅  译,华东师范大学出版社,2007-03-01,¥19.60,¥24.80,7.9折
229,退一步  并不难,达照,"
               2015-06-01
",著,¥27.30,¥38.00,7.2折
230,学佛者的基本信念,南怀瑾,复旦大学出版社,2003-03-01,¥10.20,¥13.00,7.8折
231,小窗幽记（插图本）,（明）陈继儒　撰；陈桥生　评注,中华书局,2008-09-01,¥24.00,¥32.00,7.5折
232,逻辑哲学论,[奥]维特根斯坦,商务印书馆,2013-09-01,¥12.60,¥16.00,7.9折
233,老子道德经注,王弼 注，楼宇烈 校释,中华书局,2011-01-01,¥22.90,¥29.00,7.9折
234,"爱的能量(诺贝尔奖获得者特雷莎嬷嬷亲手自选集,《在爱中行走》作者华姿作序推荐)",【印度】特雷莎嬷嬷  著，聂传炎，张安毅　译,吉林出版集团有限责任公司,2011-12-01,¥20.50,¥29.80,6.9折
235,论语新解――钱穆作品系列,钱穆  著,生活.读书.新知三联书店,2005-03-01,¥26.00,¥33.00,7.9折
236,周国平人生哲思录,周国平  著,上海辞书出版社,2005-09-01,¥22.10,¥28.00,7.9折
237,仰望星空：这个星球上站得最高的灵魂,Arthur Christopher Benson,黑龙江教育出版社,2013-01-01,¥28.60,¥39.80,7.2折
238,王阳明最神奇的心学,"王阳明  原著,罗智　编著",中国华侨出版社,2012-09-01,¥23.60,¥32.80,7.2折
239,搜神记(精)中华经典名著全本全注全译丛书,马银琴 译注,中华书局,2012-01-01,¥22.50,¥30.00,7.5折
240,国学经典：论语全集,孔丘 著，陈才俊 编,海潮出版社,2007-09-01,¥12.50,¥39.80,3.1折
241,佛教十三经,赖永海 主编,中华书局,2018-07-01,¥373.70,¥529.00,7.1折
242,生命之书 [硬精装] 附赠克里希那穆提大幅头像海报――生命是场伟大的迷，了解生命本身，比其他任何事情都重...,[印度] 克里希那穆提　著，胡因梦 译,译林出版社,2012-08-01,¥29.50,¥42.80,6.9折
243,心的经典―圣严法师讲心经,圣严法师,陕西师范大学出版社,2009-11-01,¥15.60,¥24.00,6.5折
244,先秦诸子百家争鸣,易中天 著,上海文艺出版社,2009-01-01,¥51.00,¥68.00,7.5折
245,汉译世界学术名著丛书：美学,(德)黑格尔,商务印书馆,2008-09-01,¥18.90,¥24.00,7.9折
246,何来何往：平凡生活的心灵书,周国平　著,新星出版社,2012-03-01,¥26.20,¥38.00,6.9折
247,淮南子,陈广忠　译注,中华书局,2012-01-01,¥61.50,¥82.00,7.5折
248,淮南子中华经典藏书,顾迁　译注,中华书局,2009-03-01,¥12.00,¥16.00,7.5折
249,管子中华经典藏书,李山　译注,中华书局,2009-04-01,¥13.50,¥18.00,7.5折
250,塔木德精编彩插本,赛妮亚 编译,重庆出版社,2008-01-01,¥46.90,¥68.00,6.9折
251,老子的帮助,王蒙　著,贵州人民出版社,2013-02-01,¥14.90,¥29.80,5.0折
252,论语译注,杨伯峻  译注,中华书局,2006-12-01,¥18.10,¥23.00,7.9折
253,天下归仁：王蒙说《论语》,王蒙著,北京联合出版公司,2015-01-01,¥40.30,¥58.00,6.9折
254,生命这出戏,"希阿荣博堪布 著,博集天卷 出品",华文出版社,2017-05-12,¥19.90,¥39.80,5.0折
255,今日如何读新约,【美】R.E.V.伏斯特　著，冷欣 杨远征　译,华东师范大学出版社,2011-08-01,¥49.50,¥98.00,5.1折
256,一味(《超越死亡》作者、超个人心理学大师肯? 威尔伯证入大圆满境界的个人心路之作！),（美）肯・威尔伯　著，胡因梦　译,深圳报业集团出版社,2010-08-01,¥36.20,¥58.00,6.2折
257,改造命运 心想事成：了凡四训讲记--福自己求，净空大法师讲明代励志宝典,释净空　著,线装书局,2010-02-01,¥16.40,¥23.80,6.9折
258,金刚经讲话,"星云大师 著,博集天卷 出品",东方出版社,2020-01-06,¥43.60,¥88.00,5.0折
259,南怀瑾选集,南怀瑾  著,复旦大学出版社,2003-09-01,¥33.90,¥43.00,7.9折
260,生死学十四讲(胡因梦、张德芬联袂推荐.超越生死的灵修课.台湾常销10年)(当当网网络独家销售),余德慧，石佳仪  著,中国长安出版社,2011-04-01,¥19.80,¥29.00,6.8折
261,禅者的初心:一部畅销西方世界30年的禅学经典(开启乔布斯心灵的禅学经典),（日）铃木俊隆,海南出版社,2010-08-01,¥12.50,¥25.00,5.0折
262,一次完全读懂厚黑学,李宗吾  著,武汉出版社,2011-06-01,¥24.00,¥48.00,5.0折
263,荒漠甘泉―附《黑门山路》,（美）考门夫人 著，阳东，信实 译,时代文艺出版社,2003-04-01,¥32.30,¥49.80,6.5折
264,权威与个人,（英）罗素　著，储智勇　译,商务印书馆,2012-07-01,¥8.60,¥11.00,7.8折
265,厕所里的哲学课,（英）康拉德?柯列弗，（英）亚当?弗莱彻，（奥） 卢卡斯・艾格,北京联合出版有限公司,2020-06-01,¥35.80,¥49.80,7.2折
266,论语今读(李泽厚 著),李泽厚 著,生活.读书.新知三联书店,2004-03-01,¥28.90,¥38.60,7.5折
267,一切都是最好的安排.3,加措,中国友谊出版公司,2019-06-01,¥27.90,¥45.00,6.2折
268,规训与惩罚（修订译本）,(法)米歇尔？福柯 著作 刘北成,杨远婴 译者,None,¥30.00,¥38.00,7.9折
269,冯友兰：中国现代哲学史,冯友兰,广东人民出版社,2019-10-01,¥28.70,¥68.00,4.2折
270,写给大家的美学二十讲,宗白华,江苏凤凰文艺出版社,2020-10-15,¥42.40,¥68.00,6.2折
271,保富法,聂云台 著，双螺旋文化 出品,光明日报出版社,2014-02-01,¥17.30,¥35.00,4.9折
272,正念的奇迹（梁文道推荐的修行之书）,一行禅师  著,中央编译出版社,2010-01-01,¥12.50,¥25.00,5.0折
273,柏拉图对话集,[古希腊]柏拉图 著  王太庆 译,商务印书馆,2004-01-01,¥37.90,¥48.00,7.9折
274,玄奘西游记,钱文忠  著,上海书店出版社,2007-09-01,¥30.00,¥38.00,7.9折
275,尚书(精)中华经典名著全本全注全译丛书,王世舜 王翠叶译注,中华书局,2012-01-01,¥24.00,¥32.00,7.5折
276,素书,（汉）黄石　著，刘泗　编译,上海三联书店,2015-08-01,¥22.60,¥32.80,6.9折
277,天下体系:世界制度哲学导论,赵汀阳　著,中国人民大学出版社,2011-10-01,¥14.90,¥29.80,5.0折
278,这个世界没那么简单:高维思维训练的7堂课,张鹂　著,北京大学出版社,2015-06-01,¥27.30,¥39.00,7.0折
279,改造命运 心想事成-《了凡四训》讲记,爱华文,团结出版社,2010-10-01,¥13.00,¥26.00,5.0折
280,佛教故事：净空法师说,净空法师　著,长江文艺出版社,2010-01-01,¥10.00,¥20.00,5.0折
281,终止你内心的暴力：一行禅师给你安稳幸福的力量,一行禅师著,故宫出版社,2011-06-01,¥19.00,¥38.00,5.0折
282,大唐西域记(精)中华经典名著全本全注全译丛书,董志翘 译注,中华书局,2012-01-01,¥37.50,¥50.00,7.5折
283,禅海蠡测,南怀瑾,复旦大学出版社,2012-08-01,¥18.70,¥22.00,8.5折
284,一行禅师精彩选集,一行禅师　著，陈丽舟　等译,故宫出版社,2011-06-01,¥98.80,¥152.00,6.5折
285,诗化哲学（刘小枫 著）,刘小枫  著,华东师范大学出版社,2011-09-01,¥37.90,¥48.00,7.9折
286,逻辑学十五讲,陈波,北京大学出版社,2016-08-05,¥41.00,¥52.00,7.9折
287,问佛・观心,李叔同,华文出版社,2010-12-01,¥12.30,¥28.00,4.4折
288,道家真气,湛若水　著,海南出版社,2015-12-01,¥17.50,¥35.00,5.0折
289,生命的奇迹 水知道,（日）江本胜　著，冯亚彬　译,新世界出版社,,¥16.20,¥25.00,6.5折
290,如何修证佛法,南怀瑾 著述,复旦大学出版社,2001-10-01,¥22.10,¥28.00,7.9折
291,智慧引领幸福,周国平著,山东人民出版社,2013-07-01,¥17.10,¥39.00,4.4折
292,安士全书白话解 ,曾琦云,内蒙古人民出版社,2003-05-01,¥41.40,¥60.00,6.9折
293,王阳明,秦家懿,生活.读书.新知三联书店,2011-12-01,¥22.10,¥28.00,7.9折
294,尼各马可伦理学,（古希腊）亚里士多德　著，廖申白　译注,商务印书馆,2003-11-01,¥20.50,¥26.00,7.9折
295,佛教入门――三论宗,释惟贤  著,巴蜀书社,2009-12-01,¥12.50,¥25.00,5.0折
296,季羡林谈佛,季羡林  著,武汉出版社,2011-08-01,¥19.00,¥38.00,5.0折
297,一心走路：一行禅师最伟大的生命觉醒之作（与胡因梦、梁文道、郑振煌一起踏上佛陀使者的喜悦之旅）,一行禅师　著,故宫出版社,,¥19.00,¥38.00,5.0折
298,爱的正念：听一行禅师讲活在当下的智慧,一行禅师,现代出版社,2012-03-01,¥26.20,¥38.00,6.9折
299,论语和算盘,（日）涩泽荣一　著，李政　译,江西美术出版社,2010-08-01,¥9.80,¥20.00,4.9折
300,学会提问,[美] 尼尔?布朗 (Neil Browne) ，斯图尔特?基利 (Stuart Keeley) 著,机械工业出版社,2019-04-05,¥35.40,¥59.00,6.0折
301,关于这颗心：戒 定 慧,(泰) 阿姜查著,海南出版社,2010-11-01,¥30.00,¥48.00,6.3折
302,空空之外,雪漠,中国大百科全书出版社,2016-08-01,¥24.00,¥48.00,5.0折
303,心学大师王阳明,周月亮  著,长江文艺出版社,2012-07-01,¥26.20,¥38.00,6.9折
304,新教伦理与资本主义精神,(德)马克斯・韦伯,北京大学出版社,2012-09-03,¥20.50,¥28.00,7.3折
305,孔子的智慧,林语堂 著，博集天卷 出品,湖南文艺出版社,2016-09-01,¥16.20,¥32.80,4.9折
306,与心对话：向活佛学放心  藏传佛教天外见天，透解世间迷思；从循安心路径，做有福报的人,嘎玛仁波切,江苏文艺出版社,2010-02-01,¥22.00,¥32.00,6.9折
307,原本大学微言,南怀瑾 著,复旦大学出版社,2003-04-01,¥30.00,¥38.00,7.9折
308,自我与本我,[奥地利]西格蒙德・弗洛伊德著 林尘、张唤民、陈伟奇译,上海译文出版社,,¥22.10,¥28.00,7.9折
309,齐家治国 女德为要：《女诫》学习心得,陈静瑜　著,中国华侨出版社,2012-04-01,¥17.90,¥26.00,6.9折
310,人生的智慧,[德]叔本华 著 韦启昌 译,上海人民出版社,2018-04-01,¥37.80,¥48.00,7.9折
311,孟子,方勇译注,中华书局,2013-09-01,¥16.50,¥22.00,7.5折
312,灵之舞：著名哲学家邓晓芒 立足西方古典哲学 介入当代中国思想进程 直逼本质的终极思考 投向人性深处的思辨...,邓晓芒，高高国际 出品,作家出版社,2016-10-01,¥19.30,¥39.00,4.9折
313,楞伽大义今释,南怀瑾 著述,复旦大学出版社,2001-10-01,¥19.70,¥25.00,7.9折
314,茶密禅心,悟义,文汇出版社,2013-01-01,¥27.00,¥54.00,5.0折
315,伦理学,（荷兰）斯宾诺沙  著，贺麟  译,商务印书馆,1983-03-01,¥15.80,¥20.00,7.9折
316,孟子,方勇 译注,中华书局,2017-12-01,¥19.50,¥26.00,7.5折
317,点灯的人――南怀瑾先生纪念集,本书编写组 编,东方出版社,2013-03-01,¥51.00,¥68.00,7.5折
318,佛教入门――华严宗,英武　著,巴蜀书社,2009-12-01,¥13.00,¥26.00,5.0折
319,佛教入门――天台宗,朱封鳌　著,巴蜀书社,2009-12-01,¥15.00,¥30.00,5.0折
320,曾国藩做官・做人・治家・治世智慧全书：礼品装家庭必读书,（宋)司马光 著  《礼品书家庭必读书》编委会,辽海出版社,2014-01-02,¥99.00,¥198.00,5.0折
321,智慧引领幸福：周国平力作，幸福在于生命的单纯和精神的丰富。,周国平　著,山东人民出版社,2012-05-01,¥12.70,¥29.00,4.4折
322,佛教常识答问,赵朴初,华文出版社,2011-08-01,¥8.80,¥18.00,4.9折
323,爱心中爆发的智慧,多识仁波切  著,国际文化出版公司,2010-06-01,¥25.90,¥39.90,6.5折
324,列子臆说（下）―,南怀瑾,东方出版社,2011-03-01,¥23.20,¥31.00,7.5折
325,唐翼明解读《颜氏家训》(唐翼明取国学家训经典，解当今家教难题。易中天、唐浩明、钱文忠诚意推荐。内附《颜...,唐翼明,湖南科技出版社,2012-08-01,¥22.50,¥32.00,7.0折
326,周易集解纂疏――十三经清人注疏,[清]李道平　撰 潘雨廷　点校,中华书局,2011-01-01,¥53.50,¥72.00,7.4折
327,佛教入门――律宗,释大恩  著,巴蜀书社,2009-12-01,¥20.70,¥30.00,6.9折
328,晏子春秋/中华经典藏书,陈涛,中华书局,2007-12-01,¥14.20,¥19.00,7.5折
329,颜氏家训-中华经典藏书,檀作文,中华书局,2007-12-01,¥12.70,¥17.00,7.5折
330,心经修心课：不烦恼的活法,(日)濑户内寂听,华文出版社,2013-10-01,¥27.30,¥38.00,7.2折
331,你当刚强壮胆,（美）陆可铎　著，柳惠容　译,南方出版社,2012-03-01,¥17.20,¥29.00,5.9折
332,尼山书院的二十六堂国学课,刘建华,北京大学出版社,2015-04-05,¥33.10,¥48.00,6.9折
333,纯粹理性批判,康德著   邓晓芒译 杨祖陶校 著,人民出版社,2017-03-30,¥54.50,¥69.00,7.9折
334,心灵神医,东杜法王仁波切  著，郑振煌  译,中国藏学出版社,2006-01-01,¥18.00,¥25.00,7.2折
335,季羡林谈人生,季羡林  著,武汉出版社,2011-08-01,¥24.80,¥36.00,6.9折
336,生活的艺术,林语堂  著,群言出版社,2010-09-01,¥18.20,¥28.00,6.5折
337,抖音推荐处世智慧书全12本鬼谷子+狼道+墨菲定律+人性的弱点+羊皮卷+人际关系交往口才三绝格局等,李宗吾,线装书局,2018-06-01,¥23.50,¥300.40,0.8折
338,回家之旅,(美)茹阿达纳特？斯瓦米,新世界出版社,2012-01-01,¥24.90,¥49.80,5.0折
339,邵子易数,（宋）邵雍　撰，周浩良　整理,九州出版社,2013-01-01,¥15.80,¥32.00,4.9折
340,细讲大学-《大学》研习报告,钟茂森　著,团结出版社,2011-06-01,¥17.20,¥25.00,6.9折
341,世界观: 现代人必须要懂的科学哲学和科学史,[美]理查德?德威特（Richard DeWitt） 孙天 译,机械工业出版社,2018-11-15,¥74.20,¥99.00,7.5折
342,张居正讲解《大学.中庸》,（明）张居正  著,中国华侨,2009-03-01,¥7.50,¥24.00,3.1折
343,宗镜录,（宋）释延寿 著，麦点出品,三秦出版社,2017-10-01,¥158.40,¥198.00,8.0折
344,超越时空,（印）克里希耶穆提，（美）博姆　著，胡因梦　译,长安出版社发行部,2009-06-01,¥19.30,¥28.00,6.9折
345,上帝笑了99次：哲学悖论里的大思考,[英]彼得・凯弗(Peter Cave) 著，程水英 译，未读 出品，,北京联合出版有限公司,2019-02-01,¥38.20,¥78.00,4.9折
346,身边的逻辑学,（美）派顿,中信出版社,2011-08-01,¥22.90,¥29.00,7.9折
347,一种人生观(冯友兰的人生哲学)/朗朗书房・文化要义丛书,冯友兰  著,中国人民大学出版社,2005-01-01,¥9.60,¥12.80,7.5折
348,人是一根会思考的芦苇,帕斯卡 著    郭向南 编译,北京联合出版公司,2017-02-01,¥33.10,¥46.00,7.2折
349,中国思想通俗讲话――钱穆作品系列,钱穆  著,生活.读书.新知三联书店,2005-07-01,¥10.10,¥12.80,7.9折
350,道德经释义（修订版）,任法融,东方出版社,2012-07-01,¥18.00,¥24.00,7.5折
351,图解梅花易数,（宋）邵康节　原著，汤行易　编著,陕西师范大学出版社,2012-04-01,¥62.30,¥68.00,9.2折
352,索达吉堪布经典畅销作品集,索达吉堪布　著,甘肃人民美术出版社,2013-08-01,¥109.40,¥152.00,7.2折
353,中国道教发展史略,南怀瑾,复旦大学出版社,2010-09-01,¥11.00,¥14.00,7.9折
354,为官之道,曾仕强    著,陕西师范大学出版社,2012-02-01,¥20.70,¥30.00,6.9折
355,斐多:柏拉图对话录之一,（古希腊）柏拉图,生活.读书.新知三联书店,2011-03-01,¥20.50,¥26.00,7.9折
356,价值的理由：认清你自己，追寻生命的意义，明白什么是良好的生活。陈嘉映力作，徐晓推荐。,陈嘉映  著,中信出版社,2012-05-01,¥26.20,¥35.00,7.5折
357,熊十力别集（全五册）：读经示要、原儒、体用论、新唯识论,熊十力　著,中国人民大学出版社,2006-06-01,¥58.20,¥133.00,4.4折
358,新思文库・你的第一本哲学书,[美]托马斯・内格尔 著 宝树 译,中信出版社,2016-11-23,¥21.30,¥32.00,6.7折
359,答问青壮年参禅者,南怀瑾,上海人民出版社,2008-05-01,¥17.30,¥22.00,7.9折
360,心灵爱语：当我灵命陷入低潮时 (新老版本随机发货）,Henri Nouwen,世界知识出版社,2012-08-01,¥22.10,¥26.00,8.5折
361,金刚经.坛经,张卫国　注译,崇文书局（原湖北辞书出版社）,2007-09-01,¥5.30,¥15.00,3.5折
362,列子臆说（上）―,南怀瑾,东方出版社,2010-12-01,¥16.50,¥33.00,5.0折
363,中国佛教发展史略,南怀瑾,复旦大学出版社,2010-09-01,¥14.20,¥18.00,7.9折
364,逻辑学  上卷,（德）黑格尔 著，杨之一 译,商务印书馆,2003-05-01,¥15.00,¥19.00,7.9折
365,中国近代思想与学术的系谱,王��森　著,吉林出版集团有限责任公司,2011-01-01,¥22.50,¥45.00,5.0折
366,弘一大师说佛,弘一　著,中国华侨出版社,2011-03-01,¥25.20,¥42.00,6.0折
367,当代学术：中国古代思想史论,李泽厚,生活.读书.新知三联书店,2017-06-01,¥51.30,¥65.00,7.9折
368,王阳明：一切心法（全两册）,熊逸  著， 联合读创   出品,北京联合出版有限公司,2018-01-01,¥57.00,¥118.00,4.8折
369,意识形态与乌托邦（西方学术经典译丛）,（德）卡尔・曼海姆  著，姚仁权  译,中国社会科学出版社,2009-12-01,¥30.00,¥38.00,7.9折
370,纯粹理性批判,（德）康德　著，蓝公武　译,商务印书馆,,¥37.90,¥48.00,7.9折
371,哥德尔・艾舍尔・巴赫,[美]侯世达 著，本书翻译组 译,商务印书馆,1996-04-01,¥77.40,¥98.00,7.9折
372,莲心禅韵――这本书可以丰富你的生命,（印）奥修　著，谦达那　译,陕西师范大学出版社,2007-12-01,¥19.30,¥29.80,6.5折
373,老子今注今译,陈鼓应　注译,商务印书馆,2003-12-01,¥23.70,¥30.00,7.9折
374,大圆满前行,嘎玛仁波切,新星出版社,2016-01-01,¥74.30,¥150.00,5.0折
375,老子今注今译,陈鼓应 注释,商务印书馆,2003-12-01,¥29.00,¥42.00,6.9折
376,圣经故事,俞萍著  华文天下出品,吉林出版集团股份有限公司,2019-01-31,¥49.00,¥98.00,5.0折
377,法言(精)--中华经典名著全本全注全译丛书,韩敬,中华书局,2012-10-01,¥21.70,¥29.00,7.5折
378,哲学研究（西方学术经典译丛）,（英）路德维希・维特根斯坦  著，蔡远  译,中国社会科学出版社,2009-12-01,¥17.10,¥38.00,4.5折
379,辜鸿铭英译《论语》,(春秋)孔丘,云南人民出版社,2011-12-01,¥18.50,¥38.80,4.8折
380,佛教入门――佛典入门,英武  著,巴蜀书社,2009-12-01,¥27.50,¥55.00,5.0折
381,"很哲学,狠幽默：一天读懂西方哲学史",张天龙   著,上海三联书店,2014-05-01,¥19.30,¥29.80,6.5折
382,实践理性批判（西方学术经典译丛）,（德）伊曼努尔・康德  著，张永奇  译,中国社会科学出版社,2009-12-01,¥22.10,¥28.00,7.9折
383,佛教基本知识,正果法师  编述,中国人民大学出版社,2007-10-01,¥17.10,¥39.00,4.4折
384,佛教入门――净土宗,英武，正信　著,巴蜀书社,2009-12-01,¥15.00,¥30.00,5.0折
385,沉重的肉身,刘小枫　著,华夏出版社,2012-01-01,¥28.00,¥39.00,7.2折
386,《传习录》  ,王阳明,北京联合出版有限公司,2017-12-25,¥30.90,¥45.00,6.9折
387,易经系传别讲,南怀瑾  著述,复旦大学出版社,2005-12-01,¥22.10,¥28.00,7.9折
388,恋人絮语,（法）巴特　著，汪耀进，武佩荣　译,上海人民出版社,2009-06-01,¥18.90,¥24.00,7.9折
389,大雅・新师说：庄子哲学讲记(2016年中国好书获奖作品。北大教授三十余年研究成果、北大精品课结晶，通往庄子...,郑开,广西人民出版社,2016-06-10,¥23.00,¥46.00,5.0折
390,天下・中国现代思想的起源,金观涛 刘青峰,法律出版社,2011-06-01,¥33.70,¥45.00,7.5折
391,修行即修心：一念心清净莲花处处开,罗俊英,中国华侨出版社,2013-03-01,¥30.10,¥32.00,9.4折
392,逻辑哲学论(汉译名著本),[奥]维特根斯坦 著  贺绍甲 译,商务印书馆,1996-12-01,¥10.20,¥13.00,7.8折
393,季羡林谈人生,季羡林　著,武汉出版社,2011-08-01,¥16.40,¥45.00,3.6折
394,列子臆说（中）―,南怀瑾,东方出版社,2011-02-01,¥26.20,¥35.00,7.5折
395,孤独通行证,〔德〕亚瑟・叔本华,江苏凤凰文艺出版社,2017-11-20,¥19.70,¥39.80,4.9折
396,空了:金刚经心读,费勇 著,上海人民出版社,2009-05-01,¥20.50,¥26.00,7.9折
397,清净心,雅光　著,武汉出版社,2012-04-01,¥16.00,¥32.00,5.0折
398,存在与时间,（德）海德格尔  著，陈嘉映，王庆节 合译,生活.读书.新知三联书店,2006-04-01,¥22.10,¥28.00,7.9折
399,悲剧的诞生――汉译世界学术名著丛书,（德）尼采　著，孙周兴　译,商务印书馆,2012-06-01,¥17.30,¥25.00,6.9折
400,辩证法随谈,李瑞环,中国人民大学出版社,2007-04-01,¥28.40,¥36.00,7.9折
401,金刚经说什么,南怀瑾,东方出版社,2019-06-01,¥22.80,¥52.00,4.4折
402,古希腊哲学史纲,（德）策勒尔　著，翁绍军　译,山东人民出版社,2007-04-01,¥10.10,¥23.00,4.4折
403,相约星期二(新版),米奇・阿尔博姆（Albom.M.） 著；吴洪 译,上海译文出版社,2017-07-01,¥19.70,¥25.00,7.9折
404,尼采：在世纪的转折点上,周国平  著,上海人民出版社,1986-07-01,¥15.80,¥20.00,7.9折
405,人之镜：著名哲学家邓晓芒 以哲人眼光比较中西方经典人格 透过经典文学谈人性与人生  作家出版社重点出版,邓晓芒，高高国际 出品,作家出版社,2016-10-01,¥17.30,¥35.00,4.9折
406,道德形而上学基础（西方学术经典译丛）,[德]伊曼努尔.康德著,中国社会科学出版社,2009-12-01,¥14.20,¥18.00,7.9折
407,悲剧的诞生,"（德）尼采（Nietzsche,F）　著；周国平　译",上海人民出版社,2009-07-01,¥33.10,¥42.00,7.9折
408,读佛即是拜佛：弥勒佛传 (佛的故事都好看！弥勒佛传微笑上市！),明一居士,凤凰出版社,2013-03-01,¥22.00,¥32.00,6.9折
409,读佛即是拜佛：真实的唐僧,明一居士 著；读客文化 出品,凤凰出版社,2012-07-01,¥20.60,¥29.90,6.9折
410,孝经研习报告,钟茂森  著,中国华侨出版社,2010-05-01,¥19.30,¥29.80,6.5折
411,迷悟之间,星云大师　著,中华书局,2010-04-01,¥184.50,¥246.00,7.5折
412,神圣者的观念,(德)鲁道夫・奥托  著，丁建波 译,中国社会科学出版社,2009-12-01,¥8.10,¥28.00,2.9折
413,百业经(索达吉堪布译):藏汉翻译丛书,索达吉堪布　译,藏文古籍出版社,2012-10-01,¥30.00,¥38.00,7.9折
414,克里希.那穆提系列―爱与寂寞,克里希那穆提,九州出版社,2010-08-01,¥16.30,¥24.00,6.8折
415,陶造生命系列:有话问苍天：畅销百万的ECPA金奖图书,【美】杨腓力 ；译者 黄陈妙玲　著,中国电影出版社,2010-06-01,¥19.30,¥28.00,6.9折
416,十善业道经讲记,净空法师,北方文艺出版社,2010-12-01,¥19.00,¥38.00,5.0折
417,厚黑学全集,李宗吾 著,中国城市出版社,2010-01-01,¥21.40,¥29.80,7.2折
418,哲学100问,书杰,华文出版社,2019-11-01,¥68.00,¥136.00,5.0折
419,新思文库・哲学・科学・常识,陈嘉映 著;,中信出版社,2018-03-15,¥38.40,¥58.00,6.6折
420,黄帝阴符经（修订版）,任法融,东方出版社,2012-07-01,¥11.00,¥22.00,5.0折
421,人性论,［英］大卫・休谟　著，石碧球　译,中国社会科学出版社,2009-12-01,¥30.40,¥38.00,8.0折
422,逻辑新引・怎样判别是非,殷海光,四川人民出版社,2018-06-01,¥34.00,¥68.00,5.0折
423,薄伽梵歌(汉译名著本),(古印度)毗耶娑,商务印书馆,2011-04-01,¥11.80,¥15.00,7.9折
424,一切都是最好的安排,加措,中国友谊出版公司,2018-05-01,¥21.90,¥39.80,5.5折
425,灵魂之旅：著名哲学家邓晓芒 评析莫言、王朔、贾平凹、顾城、史铁生……聚焦中国文学黄金时代，探寻国人的灵...,邓晓芒，高高国际 出品,作家出版社,2016-10-01,¥17.20,¥39.00,4.4折
426,智囊全集,(明)冯梦龙,中国财富杂志社,2013-07-01,¥136.60,¥198.00,6.9折
427,中国哲学十五讲,杨立华,北京大学出版社,2019-03-01,¥40.30,¥52.00,7.8折
428,从异教徒到基督徒,林语堂  著,湖南文艺出版社,2012-01-01,¥19.30,¥28.00,6.9折
429,梵网经佛教十三经,赖永海主编,中华书局,2010-05-01,¥16.50,¥22.00,7.5折
430,吕祖秘注道德经心传,老子,广西师范大学出版社,2014-05-01,¥28.50,¥38.00,7.5折
431,圆觉经略说,南怀瑾 著作,复旦大学出版社,2014-04-01,¥19.70,¥25.00,7.9折
432,西方哲学研究翻译丛书：柏拉图-生平及其著作,"（英）A.E.泰勒  著, 谢随知 , 苗力田 , 徐鹏  译",山东人民出版社,2008-06-01,¥31.80,¥49.00,6.5折
433,十善业道经：断恶修善，净空大法师讲教中的修戒,释净空,线装书局,2010-03-01,¥19.90,¥39.80,5.0折
434,余英时访谈录(精）,陈致访谈,中华书局,2012-03-01,¥24.00,¥32.00,7.5折
435,般若禅：读懂<心经>的快乐智慧,曾琦云  著,文化艺术出版社,2009-11-01,¥12.20,¥29.80,4.1折
436,曾仕强详解道德经：德经,曾仕强,民主与建设出版社,2016-07-25,¥33.20,¥42.00,7.9折
437,用好你的富缘：活佛的人生财富课--活佛教你珍重与财富的缘分，修财神修好财富的通道，做驾驭无尽财富的智者,嘎玛仁波切,江苏文艺出版社,2010-11-01,¥16.00,¥32.00,5.0折
438,国学经典：中庸全集,子思 著，陈才俊 编,海潮出版社,2009-03-01,¥23.10,¥39.00,5.9折
439,逻辑学讲义(汉译名著本),(德)康德,商务印书馆,2011-03-01,¥11.80,¥15.00,7.9折
440,学佛问答-净空法师给学佛人的入门指引,释净空  著,线装书局,2011-05-01,¥46.90,¥68.00,6.9折
441,道家真气,湛若水　著,海南出版社,2013-04-01,¥22.00,¥32.00,6.9折
442,逍遥游：当《庄子》遭遇现实,熊逸,线装书局,2011-06-01,¥6.90,¥36.80,1.9折
443,红尘中最美的重逢：与仓央嘉措一起修行,聂晓阳,华夏出版社,2013-11-01,¥26.90,¥39.00,6.9折
444,科学禅定,高月明 著 青豆书坊 出品,河南人民出版社,2010-06-01,¥120.80,¥198.00,6.1折
445,传习录译注,王守仁 撰，王晓昕 译注,中华书局,2018-03-01,¥34.70,¥49.00,7.1折
446,祈愿的力量,(法国)一行禅师,海南出版社,2011-09-01,¥11.00,¥22.00,5.0折
447,慧灯之光,慈诚罗珠堪布　著,None,2013-06-01,¥190.00,¥264.00,7.2折
448,传家宝(全四集),（清）石成金 编撰，喻岳衡 校订,岳麓书社,2002-10-01,¥26.00,¥40.00,6.5折
449,"论语诵读本--""中华诵・经典诵读行动""读本系列","""中华诵.经典诵读行动""读本编委会 编",中华书局,2012-08-01,¥11.20,¥15.00,7.5折
450,智慧的觉醒,[印度]克里希那穆提　著，宋颜　译,重庆出版社,2010-06-01,¥31.40,¥39.80,7.9折
451,印光大师说佛,印光　著,中国华侨出版社,2011-03-01,¥25.20,¥42.00,6.0折
452,金枝―巫术与宗教之研究 (全两册),（英）弗雷泽　著，汪培基，徐育新，张泽石　译,商务印书馆,2012-10-01,¥69.50,¥88.00,7.9折
453,星云大师对你说：一次拥有15堂无价的幸福人生课,星云大师李晶玉,上海文化出版社,2011-08-01,¥16.20,¥25.00,6.5折
454,单向度的人――发达工业社会意识形态研究,(美)赫伯特・马尔库塞,上海译文出版社,2008-06-01,¥20.50,¥26.00,7.9折
455,南怀瑾选集,南怀瑾  著述,复旦大学出版社,2003-12-01,¥33.90,¥43.00,7.9折
456,中国哲学小史――国学基础文库,冯友兰  著,中国人民大学出版社,2005-02-01,¥6.50,¥14.80,4.4折
457,思辨的禅趣：《坛经》视野下的世界秩序,熊逸,线装书局,2011-06-01,¥6.90,¥36.60,1.9折
458,国学的天空--人人都能看懂的国学入门之作，用孔、孟、老、庄的智慧解答当代人的心灵困惑,傅佩荣 著,陕西师范大学出版社,2009-04-01,¥19.30,¥29.80,6.5折
459,地藏菩萨本愿经浅释/宣化法师讲述,宣化法师　讲述,宗教文化出版社,2007-10-01,¥25.50,¥34.00,7.5折
460,性文化简史,李书崇,群言出版社,2015-07-01,¥27.60,¥46.00,6.0折
461,孟子趣说1.用历史擦亮思想,熊逸  著,中国华侨出版社,2012-02-01,¥6.00,¥32.00,1.9折
462,拣尽寒枝（增订本）,刘小枫  著,华夏出版社,2007-01-01,¥15.30,¥29.00,5.3折
463,周易参同契（修订版）,任法融,东方出版社,2012-07-01,¥12.90,¥26.00,5.0折
464,活在时间之外,"【韩】法顶禅师　著，薛舟,徐丽红　译",重庆出版社,2011-08-01,¥22.10,¥28.00,7.9折
465,新批判主义 ,邓晓芒 著，高高国际 出品,作家出版社,2019-01-31,¥43.60,¥88.00,5.0折
466,老子的智慧,林语堂 著，黄嘉德 译,当代世界出版社,2009-09-01,¥18.80,¥23.80,7.9折
467,德意志意识形态节选本,中央编译局 编译,人民出版社,2003-02-01,¥6.70,¥9.00,7.4折
468,失而复得的日记：宋尚节日记摘抄,宋天真,团结出版社,2011-08-01,¥27.40,¥39.80,6.9折
469,在最深的忧伤里吟唱-和仓央嘉措一同参悟,聂晓阳,华夏出版社,2014-01-01,¥26.90,¥39.00,6.9折
470,铃木大拙禅学经典第一辑：禅学入门,(日)铃木大拙,海南出版社,2012-03-01,¥23.00,¥32.00,7.2折
471,殉道史,(英)约翰・福克斯,生活.读书.新知三联书店,2011-01-01,¥23.50,¥29.80,7.9折
472,如何是好,任彦申,江苏人民出版社,2013-09-01,¥16.70,¥28.00,6.0折
473,觅宗记：佛教八宗一派遗迹寻访,韦力  著,上海文艺出版社,2016-11-01,¥150.00,¥230.00,6.5折
474,菩提道次第广论,宗喀巴　著，法尊　译,青海人民出版社,2012-07-01,¥25.50,¥34.00,7.5折
475,四朝高僧传：弘一法师修行枕边书，详载东汉以来1377位清净高僧的悟道人生,〔南朝・梁〕慧皎、〔唐〕道宣、〔宋〕赞宁、〔明〕如惺,中国书店出版社,2018-05-01,¥110.00,¥368.00,3.0折
476,印光法师文钞全集,释印光　著,团结出版社,2013-12-01,¥72.80,¥168.00,4.3折
477,叔本华・附录和补遗,[德] 阿图尔・叔本华 著   韦启昌 译,上海人民出版社,2019-03-01,¥124.40,¥158.00,7.9折
478,王阳明《传习录》详注集评,陈荣捷,重庆出版社,2017-03-01,¥29.60,¥59.80,4.9折
479,查拉图斯特拉如是说（西方学术经典译丛）,[德]弗里德里希.尼采,中国社会科学出版社,2009-12-01,¥28.50,¥38.00,7.5折
480,哲学概论：台湾学者编著，经由三史六论带你进入哲学的迷人世界，追求人性的真善美圣,邬昆如   著,中国人民大学出版社,2005-02-01,¥22.00,¥36.80,6.0折
481,思辨与立场：生活中无处不在的批判性思维工具,（美）理查德・保罗(Richard W.Paul)等,中国人民大学出版社,2016-07-01,¥46.50,¥75.00,6.2折
482,圣经里的女性,（美）金凯森　著,甘肃人民美术出版社,2011-03-01,¥23.40,¥34.00,6.9折
483,寂静之道,希阿荣博堪布,世界图书出版公司,2017-05-10,¥29.80,¥39.80,7.5折
484,中国社会中的宗教,杨庆��（C. K. Yang）著、范丽珠 译,四川人民出版社,2016-10-01,¥34.00,¥68.00,5.0折
485,活出生命的意义,维克多・弗兰克尔 著     吕娜　译,华夏出版社,2018-04-01,¥38.60,¥49.80,7.8折
486,汉译世界学术名著丛书：美学,（德）黑格尔　著；朱光潜　译,商务印书馆,,¥19.70,¥25.00,7.9折
487,与仓央嘉措一起修行,聂晓阳,华夏出版社,2011-07-01,¥24.80,¥36.00,6.9折
488,庄子/中华国粹经典文库,张庆利 注译,崇文书局（原湖北辞书出版社）,2007-09-01,¥5.20,¥14.80,3.5折
489,一次完全读懂命理运程梦占,王学典,武汉出版社,2011-06-01,¥34.00,¥68.00,5.0折
490,张载集--理学丛书,[宋] 张载　著，章锡琛　校,中华书局,2012-06-01,¥28.00,¥43.00,6.5折
491,超值白金版：四书・五经/珍藏本,孔子 等,华文出版社,2009-11-01,¥14.80,¥29.80,5.0折
492,中国禅宗思想发展史,麻天祥　著,湖南教育出版社,2011-10-01,¥33.10,¥42.00,7.9折
493,无死的金刚心,雪漠,中央编译出版社,2012-04-01,¥40.00,¥58.00,6.9折
494,人的境况,[美] 汉娜・阿伦特  著  王寅丽  译,上海人民出版社,2017-04-01,¥53.60,¥68.00,7.9折
495,老子的帮助,王蒙,华夏出版社,2009-01-01,¥27.40,¥39.80,6.9折
496,复旦名师陈果：好的孤独+好的爱情套装2册,陈果 著；读客文化 出品,人民日报出版社,2018-04-27,¥37.50,¥75.00,5.0折
497,快乐之源,嘎玛仁波切,东方出版社,2013-10-01,¥19.00,¥38.00,5.0折
498,圣经故事 大全集,王峥嵘  编著,中国华侨出版社,2011-01-01,¥20.50,¥29.80,6.9折
499,哲学起步  ,邓晓芒,商务印书馆,2017-11-01,¥32.80,¥45.00,7.3折
500,孟子旁通,南怀瑾 著述,复旦大学出版社,2003-12-01,¥18.90,¥24.00,7.9折
排名,书名,作者及出品方,出版社,出版年份,现价,原价,折扣
1,基本演绎法,"刘洪波, 李媛媛, 刘潋  著,酷威文化 出品",四川文艺出版社,2020-08-01,¥17.10,¥39.80,4.3折
2,西方美学史,朱光潜，酷威文化 出品,江苏凤凰文艺出版社,2019-11-01,¥28.40,¥78.00,3.6折
3,论语译注,杨伯峻 译注,中华书局,2017-08-01,¥16.90,¥26.00,6.5折
4,简单逻辑学 改变思维方式第一书 ,吴昱荣,中国华侨出版社,2013-07-01,¥14.90,¥29.80,5.0折
5,季羡林谈人生,季羡林 著，季羡林研究所 编,当代中国出版社,2009-03-01,¥13.60,¥19.00,7.2折
6,资本论,马克思,上海三联书店,2009-04-01,¥74.40,¥158.00,4.7折
7,单独中的洞见,张方宇，酷威文化 出品,四川文艺出版社,2018-07-01,¥19.00,¥38.00,5.0折
8,易经杂说,南怀瑾,复旦大学出版社,2013-09-01,¥16.50,¥21.00,7.9折
9,陈果：好的孤独,陈果  著；读客文化 出品,江苏凤凰文艺出版社,2017-04-19,¥18.00,¥36.00,5.0折
10,老子他说,南怀瑾  著述,复旦大学出版社,2005-12-01,¥18.90,¥24.00,7.9折
11,美的历程（精装）,李泽厚 著,生活.读书.新知三联书店,2009-07-01,¥33.90,¥43.00,7.9折
12,每时每刻皆为逍遥时光,费勇著,江苏文艺出版社,2014-07-01,¥35.00,¥35.00,10.0折
13,懂你,陈果,山东画报出版社,2016-06-01,¥15.60,¥24.00,6.5折
14,南怀瑾选集 (套装全十册),南怀瑾,复旦大学出版社,2006-06-01,¥296.60,¥412.00,7.2折
15,尼采的心灵咒语2,(德) 尼采著,江苏文艺出版社,2013-10-01,¥22.10,¥28.00,7.9折
16,菜根谭,（明）洪应明　著，韩世元　评析,当代世界出版社,2008-01-01,¥9.30,¥20.00,4.7折
17,给快节奏时代的简单哲学,[英]阿兰・斯蒂芬 著，王亚庆 译，酷威文化 出品,四川文艺出版社,2020-02-01,¥19.90,¥39.80,5.0折
18,做才是得到――索达吉堪布给你点滴加持,索达吉堪布,读者出版社,2012-11-01,¥18.80,¥38.00,4.9折
19,天堂的证据,(美)亚历山大,百花洲文艺出版社,2013-07-01,¥25.20,¥35.00,7.2折
20,次第花开 修订版,希阿荣博堪布,海南出版社,2017-02-01,¥19.90,¥39.80,5.0折
21,沉思录 买中文版送英文版 一力文库,〔古罗马〕马可•奥勒留　著,上海三联书店,2008-05-01,¥13.20,¥22.00,6.0折
22,宽心-心宽，眼前世界随之敞亮，事事畅通，星云大师接引康宁安乐,星云大师　著,江苏文艺出版社,2009-06-01,¥13.90,¥28.00,5.0折
23,金刚经说什么,南怀瑾　著述,复旦大学出版社,2012-10-01,¥23.70,¥30.00,7.9折
24,于丹《庄子》心得,于丹  著,中国民主法制出版社,2007-02-01,¥10.00,¥20.00,5.0折
25,故道白云,一行禅师，何蕙仪  译,线装书局,2007-06-01,¥12.40,¥38.00,3.3折
26,不抑郁的活法：六祖坛经修心课,None,华东师范大学出版社,2013-11-01,¥24.00,¥32.00,7.5折
27,你以为你以为的就是你以为的吗：12道监测思考清晰度的逻辑谜题,巴吉尼,中国人民大学出版社,2012-03-01,¥29.80,¥39.80,7.5折
28,人生的智慧,（德）叔本华　著；韦启昌　译,上海人民出版社,2008-10-01,¥22.10,¥28.00,7.9折
29,不焦虑的女人 金刚经教授女人静心课,静柏心然 著,中国财富出版社,2014-05-01,¥16.00,¥32.00,5.0折
30,明朝一哥王阳明,吕峥,湖南人民出版社,2013-03-01,¥24.10,¥35.00,6.9折
31,老子他说续集,南怀瑾,东方出版社,2010-06-01,¥29.20,¥39.00,7.5折
32,姥姥语录,倪萍,长江文艺出版社,2017-03-01,¥21.00,¥42.00,5.0折
33,超越死亡：恩宠与勇气,（美）威尔伯  著，胡因梦，刘清彦  译,生活.读书.新知三联书店,2011-04-01,¥26.90,¥39.00,6.9折
34,马克思为什么是对的,(英)特里・伊格尔顿 (Terry Eagleton) 　著，李杨，任文科，郑义　译,新星出版社,2011-07-01,¥21.60,¥30.00,7.2折
35,瑜伽师地论 声闻地讲录,南怀瑾 讲述,东方出版社,2012-11-01,¥21.00,¥48.00,4.4折
36,这个和尚有点萌:中国最萌法师延参与小徒弟的故事！绳命是入刺的井采，人生是剁么的回晃！,延参法师　著,安徽人民出版社,2012-09-01,¥14.40,¥28.80,5.0折
37,沉思录,作者 玛克斯・奥勒留，译者 梁实秋，果麦文化 出品,天津人民出版社,2017-09-01,¥17.80,¥36.00,4.9折
38,呼吸之间,李谨伯,华夏出版社,2013-01-01,¥52.10,¥66.00,7.9折
39,金刚经说什么,南怀瑾  著述,复旦大学出版社,2005-01-01,¥21.30,¥27.00,7.9折
40,四书五经,《书立方》编委会　编,重庆出版社,2010-04-01,¥5.00,¥10.00,5.0折
41,樊登推荐 道德经说什么,韩鹏杰 ，果麦文化  出品,江西人民出版社,2019-07-01,¥48.60,¥81.00,6.0折
42,不焦虑的活法：金刚经修心课,费勇  著,华东师范大学出版社,2013-07-04,¥24.00,¥32.00,7.5折
43,五百年来王阳明   ,郦波  著,上海人民出版社,2017-08-01,¥53.60,¥68.00,7.9折
44,与神对话,尼尔•唐纳德•沃尔什  著，李继宏　　译,上海书店出版社,2011-12-01,¥75.00,¥150.00,5.0折
45,这个世界会好吗？,梁漱溟,天津教育出版社,2011-06-01,¥19.00,¥38.00,5.0折
46,四书五经,（春秋）孔子　等著,中国纺织出版社,2012-11-01,¥14.90,¥29.80,5.0折
47,韩非子--,高华平，王齐洲，张三夕　译注,中华书局,2010-06-01,¥31.50,¥42.00,7.5折
48,易经系传别讲,南怀瑾　著述,复旦大学出版社,2012-04-01,¥26.80,¥34.00,7.9折
49,逆境中觉醒,加措活佛,云南人民出版社,2017-12-31,¥23.80,¥48.00,5.0折
50,中国哲学简史(兴业用书),"冯友兰　著, 涂又光　译",北京大学出版社,2010-08-01,¥26.00,¥33.00,7.9折
51,不焦虑的活法・实践版：阿弥陀佛修心课,费勇,三秦出版社,2015-02-01,¥24.00,¥32.00,7.5折
52,庄子�Q��.上/南怀瑾讲述,南怀瑾 讲述,上海人民出版社,2007-06-01,¥22.10,¥28.00,7.9折
53,美学四讲：与《美的历程》《华夏美学》并称李泽厚“美学三书”，奠定李泽厚在西方哲学界的泰斗地位，一部让...,李泽厚,长江文艺出版社,2019-07-01,¥19.50,¥39.00,5.0折
54,洞见,罗伯特・赖特 著，宋伟 译，联合读创 出品,北京联合出版有限公司,2020-08-01,¥38.60,¥78.00,4.9折
55,金刚经说什么,南怀瑾,复旦大学出版社,2016-04-01,¥27.60,¥42.00,6.6折
56,陈果：好的爱情,陈果 著；读客文化 出品,人民日报出版社,2018-04-22,¥19.50,¥39.00,5.0折
57,半小时漫画中国哲学史,陈磊.半小时漫画团队 著;读客文化 出品,江苏凤凰文艺出版社,2020-08-31,¥22.40,¥49.90,4.5折
58,论语译注,杨伯峻　译注,中华书局,2009-10-01,¥16.50,¥22.00,7.5折
59,了凡四训（插图本）,(明)袁了凡　撰，尚荣，徐敏　评注,中华书局,2008-09-01,¥12.00,¥16.00,7.5折
60,包容的智慧Ⅱ：修好这颗心,"星云大师,刘长乐",江苏文艺出版社,2010-10-01,¥17.50,¥35.00,5.0折
61,理想国,（古希腊）柏拉图 著，郭斌和，张竹明 译,商务印书馆,1986-08-01,¥22.10,¥28.00,7.9折
62,易中天：禅的故事,易中天，绘者 黄永厚，果麦文化 出品,浙江文艺出版社,2018-07-01,¥51.80,¥69.00,7.5折
63,厚道：星云大师的人生成功课--《宽心》《舍得》后，力挺《厚道》风度：做一枚人间磁石，做情感的知音、事业...,星云大师  著,江苏文艺出版社,2010-08-01,¥14.90,¥29.80,5.0折
64,写在人生边上 人生边上的边上 石语,钱锺书著,生活.读书.新知三联书店,2002-10-01,¥21.30,¥27.00,7.9折
65,易经杂说,南怀瑾,东方出版社,2019-04-01,¥24.00,¥48.00,5.0折
66,读佛即是拜佛：六祖慧能传,明一居士 著；读客文化 出品,上海世纪出版股份有限公司发行中心（上海锦绣文章）,2011-04-01,¥21.40,¥29.80,7.2折
67,学会提问－批判性思维指南--心理学导读系列,（美）布朗，（美）基利　著，赵玉芳　等译,中国轻工业出版社,2006-01-01,¥13.50,¥18.00,7.5折
68,哲学问题,"[英]罗素（Russell,B.）",商务印书馆,2007-04-01,¥11.80,¥15.00,7.9折
69,论语别裁,南怀瑾,东方出版社,2018-05-01,¥49.00,¥98.00,5.0折
70,西藏生死书,索甲仁波切 著，新经典 出品,浙江大学出版社,2018-06-01,¥37.70,¥58.00,6.5折
71,先秦诸子百家争鸣,易中天,上海文艺出版社,2008-12-01,¥20.80,¥29.00,7.2折
72,理想国(汉译名著本),[古希腊]柏拉图 著，郭斌和 张竹明 译,商务印书馆,1986-08-01,¥33.10,¥42.00,7.9折
73,不抑郁的活法――实践版：法华经修心课,费勇教授,三秦出版社,2015-02-01,¥26.20,¥35.00,7.5折
74,存在主义咖啡馆――自由、存在和杏子鸡尾酒,（英）莎拉・贝克韦尔（Sarah Bakewell）,北京联合出版有限公司,2017-12-01,¥46.70,¥88.00,5.3折
75,美学散步,宗白华,上海人民出版社,2017-03-01,¥28.40,¥36.00,7.9折
76,商君书(精)中华经典名著全本全注全译丛书,石磊　译注,中华书局,2011-10-01,¥10.50,¥14.00,7.5折
77,戴建业精读老子,戴建业，果麦文化 出品,上海文艺出版社,2019-08-01,¥37.80,¥58.00,6.5折
78,道德经说什么：教您做得道之人的生命学宝典,罗大伦著，紫图出品,北京联合出版公司,2019-05-01,¥39.50,¥79.90,4.9折
79,果麦经典：了凡四训,袁了凡 著，译者 费勇，果麦文化 出品,三秦出版社,2017-09-01,¥15.80,¥32.00,4.9折
80,华夏美学：与《美的历程》《美学四讲》并称李泽厚“美学三书”，深刻洞见中华传统美学，一本书读懂中国美学...,李泽厚,长江文艺出版社,2019-07-01,¥19.90,¥39.80,5.0折
81,灵魂的事,史铁生  著,天津教育出版社,2010-04-01,¥21.80,¥35.00,6.2折
82,中国现代哲学史,冯友兰  著,广东人民出版社,1999-08-01,¥11.40,¥23.80,4.8折
83,与心对话,嘎玛仁波切,江苏文艺出版社,2017-11-01,¥19.70,¥39.80,4.9折
84,见识城邦・美，看不见的竞争力,蒋勋　著,中信出版社,2011-10-01,¥26.20,¥35.00,7.5折
85,禅与生命的认知初讲―,南怀瑾 讲述,东方出版社,2009-03-01,¥22.80,¥38.00,6.0折
86,生命这出戏,希阿荣博堪布  著,华文出版社,2013-05-01,¥19.00,¥38.00,5.0折
87,冥想,斯瓦米.拉玛，果麦文化 出品,天津人民出版社,2016-11-23,¥26.20,¥35.00,7.5折
88,苦才是人生,索达吉堪布  著,读者出版社,2012-11-01,¥38.00,¥76.00,5.0折
89,易经的智慧2：从小有畜聚到见微知著,曾仕强  著,陕西师范大学出版社,2012-04-01,¥24.80,¥36.00,6.9折
90,美学散步,宗白华著,上海人民出版社,2011-09-01,¥19.70,¥25.00,7.9折
91,星云法师释佛,星云法师  原著,长安出版社发行部,2005-08-01,¥12.50,¥28.00,4.5折
92,庄子�Q��,南怀瑾 讲述,上海人民出版社,2007-07-01,¥15.80,¥20.00,7.9折
93,平常茶 非常道――启发精选好书,林清玄,河北教育出版社,2008-04-01,¥13.40,¥26.80,5.0折
94,艺术人类学,易中天，果麦文化 出品,上海文艺出版社,2020-08-01,¥51.70,¥69.00,7.5折
95,如果没有今天，明天会不会有昨天？――55个让人类疯狂的思想实验,伊夫・博萨尔特（Yves Bossart）,民主与建设出版社,2017-01-01,¥17.50,¥35.00,5.0折
96,金刚经：净空法师讲,净空法师　著,长江文艺出版社,2010-01-01,¥13.00,¥26.00,5.0折
97,佛教十三经--中华经典普及文库,鸠摩罗什，等,中华书局,2010-11-01,¥18.00,¥24.00,7.5折
98,西方哲学史,(英)罗素　著，何兆武，李约瑟　译,商务印书馆,,¥28.40,¥36.00,7.9折
99,当企业家遇上禅,［美］马可•雷瑟，刘庆婧　译,None,2012-01-01,¥16.00,¥32.00,5.0折
100,释梦,（奥）弗洛伊德  著，孙名之  译,商务印书馆,1996-12-01,¥36.30,¥46.00,7.9折
101,查拉图斯特拉如是说 详注本,[德]尼采,生活.读书.新知三联书店,2012-06-01,¥30.00,¥38.00,7.9折
102,孟子与公孙丑―,南怀瑾,东方出版社,2011-08-01,¥18.70,¥26.00,7.2折
103,与生命相约:一行禅师的人生幸福三讲(初恋三摩地、般若之心、与生命相约)(第一辑),一行禅师,紫禁城出版社,2010-10-01,¥17.60,¥38.00,4.6折
104,墨菲定律,阳知行,中国商业出版社,2018-02-02,¥16.00,¥48.00,3.3折
105,大师谈世事：看人生、观处世、观生死,妙皇，黄敏　主编,长江文艺出版社,2010-05-01,¥12.60,¥67.00,1.9折
106,马克思1844年经济学哲学手稿,（德）马克思（Marx，K.） 著，中共中央马克思恩格斯列宁斯大林著作编译局 编译,人民出版社,2002-12-01,¥9.40,¥12.00,7.8折
107,传习录,王阳明，译者 费勇，果麦文化 出品,三秦出版社,2018-07-01,¥29.00,¥58.00,5.0折
108,觉悟的生活：星云大师说《心经》,星云大师著,湖南文艺出版社,2011-01-01,¥12.80,¥26.00,4.9折
109,西方哲学史,（英）罗素  著，马元德  译,商务印书馆,1976-06-01,¥23.70,¥30.00,7.9折
110,如果会吃饭，你就会成佛(生活禅“修行”笔记，教你拥有365天不抱怨的智慧，塑造淡定再淡定的强大内心！),马明博,花城出版社,2011-10-01,¥13.10,¥29.00,4.5折
111,DK 宗教百科全书,英国DK公司,中国大百科全书出版社,2017-03-01,¥68.30,¥138.00,4.9折
112,成为你自己：禅说心灵成长八部曲,妙参,中国华侨出版社,2011-01-01,¥13.30,¥28.00,4.8折
113,论语诠解,杨朝明 编,山东友谊出版社,2013-11-01,¥24.00,¥48.00,5.0折
114,四书五经中华经典普及文库,本书编写组,中华书局,2009-01-01,¥28.50,¥38.00,7.5折
115,我说参同契（上 中 下）（精装）―,南怀瑾 讲述,东方出版社,2010-07-01,¥90.00,¥120.00,7.5折
116,廿一世纪初的前言后语,南怀瑾,东方出版社,2013-06-01,¥32.20,¥43.00,7.5折
117,舍得：星云大师的人生经营课,星云大师　著,江苏文艺出版社,2011-04-01,¥49.50,¥49.50,10.0折
118,我们都是孤独的行路人,周国平 著，博集天卷 出品,湖南文艺出版社,2017-03-01,¥19.50,¥39.00,5.0折
119,我说参同契（上）―,南怀瑾 讲述,东方出版社,2009-05-01,¥16.00,¥32.00,5.0折
120,禅的行囊,〔美〕波特　著，叶南　译,南海出版公司,2010-10-01,¥23.00,¥32.00,7.2折
121,佛教十三经,赖永海 主编,中华书局,2016-08-01,¥178.50,¥238.00,7.5折
122,星云大师・佛光三宝礼盒--内赠镀金护身卡一张，手书墨宝三幅,星云大师  著,江苏文艺出版社,2011-11-01,¥280.80,¥468.00,6.0折
123,一个瑜伽行者的自传,（印）尤迦南达  著，王嘉达  译,陕西师范大学出版社,2006-01-01,¥19.30,¥28.00,6.9折
124,中央帝国的哲学密码,郭建龙,鹭江出版社,2018-09-01,¥46.60,¥78.00,6.0折
125,论语,本社  编,中华书局,2006-12-01,¥7.30,¥9.80,7.4折
126,易经的智慧3：从铲除梗碍到光明大道,曾仕强,陕西师范大学出版社,2012-10-01,¥25.90,¥36.00,7.2折
127,孟子--,方勇  译注,中华书局,2010-06-01,¥13.50,¥18.00,7.5折
128,拯救与逍遥（刘小枫 著）,刘小枫著,华东师范大学出版社,2012-03-01,¥41.70,¥58.00,7.2折
129,道家、密宗与东方神秘学,南怀瑾 著述,复旦大学出版社,2003-12-01,¥16.50,¥21.00,7.9折
130,于丹《论语》心得,于丹,生活.读书.新知三联书店,2017-04-01,¥31.40,¥39.80,7.9折
131,你可以不生气,一行禅师 著，游欣慈 译,海南出版社,2011-10-01,¥20.10,¥28.00,7.2折
132,论语别裁,南怀瑾　著,复旦大学出版社,2011-11-01,¥38.70,¥49.00,7.9折
133,维摩诘的花雨满天（上）―,南怀瑾,东方出版社,2010-08-01,¥25.20,¥42.00,6.0折
134,福报：星云大师的人生财富课星云大师开释人生，点亮福报之源,星云大师,线装书局,2012-03-01,¥19.00,¥38.00,5.0折
135,人生十论――钱穆作品系列,钱穆 著,生活.读书.新知三联书店,2009-09-01,¥14.20,¥18.00,7.9折
136,人生的起点和终站,南怀瑾 讲述,上海人民出版社,2008-04-01,¥9.40,¥12.00,7.8折
137,佛祖来了（《释迦佛出世图》典藏本）,王孺童,华文出版社,2011-01-01,¥17.90,¥26.00,6.9折
138,禅宗与道家,南怀瑾,复旦大学出版社,2005-01-01,¥16.50,¥21.00,7.9折
139,逻辑学导论,（美）柯匹，（美）科恩  著，张建军  等译,中国人民大学出版社,2007-03-01,¥61.60,¥78.00,7.9折
140,定慧初修 南怀瑾 著述,南怀瑾 著,复旦大学出版社,2005-01-01,¥11.10,¥14.00,7.9折
141,奉他的名：为家庭祷告,【美】萨米蒂皮特（Sammy Tippit）　著，何欣　译,南方出版社,2012-10-01,¥13.10,¥19.00,6.9折
142,哥德尔・艾舍尔・巴赫――集异璧之大成,(美)侯世达　著，本书翻译组　译,商务印书馆,1997-05-01,¥55.20,¥69.90,7.9折
143,负暄闲语,周馥,中国书店出版社,2013-11-13,¥16.40,¥32.80,5.0折
144,群书治要360-简体中文版，群书治要菁华摘选，360条原文加解读,"(唐)魏征,等 编",中国华侨出版社,2012-06-01,¥4.70,¥15.00,3.1折
145,菜根谭（插图本）,（明）洪应明　撰，韩希明　评注,中华书局,2008-09-01,¥20.20,¥27.00,7.5折
146,存在与虚无 修订译本 四版,(法)萨特,生活.读书.新知三联书店,2012-06-01,¥37.90,¥48.00,7.9折
147,宽心：星云大师的人生幸福课,星云大师　著,江苏文艺出版社,2011-04-01,¥23.60,¥49.50,4.8折
148,曾国藩精选,（清）曾国藩　著，王峰　注,延边人民出版社,2010-11-01,¥28.80,¥48.00,6.0折
149,王阳明心学,张弛　编著,中国商业出版社,2014-05-01,¥22.00,¥32.00,6.9折
150,孟子与万章,南怀瑾,东方出版社,2013-05-01,¥12.00,¥16.00,7.5折
151,存在与时间,(德)海德格尔,生活.读书.新知三联书店,2012-06-01,¥33.10,¥42.00,7.9折
152,我说参同契（中）―,南怀瑾 讲述,东方出版社,2009-12-01,¥24.00,¥32.00,7.5折
153,西方哲学史,None,商务印书馆,1995-07-01,¥31.60,¥40.00,7.9折
154,性命圭旨,（明）尹真人高弟　撰,中央编译出版社,2013-01-01,¥19.00,¥38.00,5.0折
155,人生就要不断精进,星云大师,湖南文艺出版社,2017-09-01,¥19.70,¥39.80,4.9折
156,维摩诘的花雨满天,南怀瑾 讲述,东方出版社,2010-08-01,¥60.70,¥81.00,7.5折
157,维摩诘的花雨漫天,南怀瑾 讲述,东方出版社,2010-10-01,¥19.50,¥39.00,5.0折
158,一行禅师释佛,一行禅师  原著,长安出版社发行部,2005-08-01,¥13.30,¥28.00,4.8折
159,高手：精英的见识和我们的时代,万维钢,电子工业出版社,2017-11-01,¥32.50,¥65.00,5.0折
160,人之初――《佛说入胎经》今释―,李淑君  著,东方出版社,2009-07-01,¥18.00,¥25.00,7.2折
161,活出生命的意义,（美）弗兰克尔　著，吕娜　译,华夏出版社,2018-01-01,¥22.60,¥36.00,6.3折
162,我说参同契（下）―,南怀瑾 讲述,东方出版社,2010-03-01,¥18.00,¥30.00,6.0折
163,南怀瑾与彼得・圣吉：关于禅、生命和认知的对话,南怀瑾　讲述,上海人民出版社,2007-03-01,¥12.60,¥16.00,7.9折
164,幸福想你了,延参法师,北京日报出版社（原同心出版社）,2012-10-01,¥17.50,¥29.80,5.9折
165,北大人生哲学课 ,龙春华著,中国华侨出版社,2012-10-01,¥20.50,¥29.80,6.9折
166,你可以，爱,一行禅师　著,故宫出版社,,¥19.00,¥38.00,5.0折
167,浮云:开示最智慧活法,延参法师,长江文艺出版社,2013-03-01,¥23.60,¥32.80,7.2折
168,忏悔录(奥古斯丁)(汉译名著本),（古罗马）奥古斯丁　著，周士良　译,商务印书馆,,¥20.50,¥26.00,7.9折
169,墨子――中华经典藏书,李小龙  译注,中华书局,2007-03-01,¥11.20,¥15.00,7.5折
170,宽心・舍得・厚道,星云大师　著,江苏文艺出版社,2011-04-01,¥102.40,¥148.50,6.9折
171,于丹《庄子》心得,于丹  著,中国民主法制出版社,2007-06-01,¥26.30,¥35.00,7.5折
172,列子臆说（上，中，下）―,南怀瑾　讲述,人民出版社,2010-12-01,¥74.20,¥99.00,7.5折
173,大问题：简明哲学导论,[美]罗伯特・所罗门（Robert C. Solomon ）凯思林・希金斯（Kathleen M. Higgins）著 张卜天 译,清华大学出版社,2018-07-12,¥59.40,¥98.00,6.1折
174,于丹《庄子》心得,于丹,北京联合出版公司,2016-12-01,¥22.60,¥39.80,5.7折
175,谈美,朱光潜 著,中华书局,2010-08-01,¥10.30,¥15.00,6.9折
176,宽怀人生：延参法师的人生慧语,延参法师,商务印书馆国际有限公司,2012-02-01,¥22.60,¥32.80,6.9折
177,美学散步,宗白华  著,上海人民出版社,1981-06-01,¥15.80,¥20.00,7.9折
178,小逻辑,（德）黑格尔 著，贺麟 译,商务印书馆,1980-07-01,¥22.10,¥28.00,7.9折
179,思想史：从火到弗洛伊德,[英国] 彼得・沃森 著；胡翠娥 译,译林出版社,2017-12-01,¥122.80,¥248.00,5.0折
180,孟子与离娄,南怀瑾,东方出版社,2013-02-01,¥21.00,¥35.00,6.0折
181,易经的智慧4,主讲人曾仕强,陕西师范大学出版社,2013-03-01,¥25.90,¥36.00,7.2折
182,宗萨蒋扬钦哲仁波切典藏文集,（不丹）宗萨蒋扬钦哲仁波切,新星出版社,2018-06-01,¥94.50,¥189.00,5.0折
183,周易江湖：趣说《周易》的技法与实例,熊逸　著,武汉出版社,2012-03-01,¥6.60,¥35.00,1.9折
184,公正：该如何做是好？,（美）桑德尔　著，朱慧玲　译,中信出版社,2011-01-01,¥45.80,¥58.00,7.9折
185,六祖坛经：净空法师讲,净空法师  著,长江文艺出版社,2010-01-01,¥9.00,¥18.00,5.0折
186,中国哲学简史,冯友兰　著，赵复三　译,生活.读书.新知三联书店,2009-05-01,¥27.60,¥35.00,7.9折
187,和繁重的工作一起修行：平和喜乐地成就事业,一行禅师  著；读客文化 出品,河南文艺出版社,2015-01-01,¥14.00,¥28.00,5.0折
188,于丹趣品汉字,于丹,九州出版社,2018-04-01,¥9.50,¥58.00,1.6折
189,中国哲学简史,冯友兰　著，赵复三　译,江苏文艺出版社,2013-03-01,¥21.40,¥29.80,7.2折
190,老子今注今译(珍藏版)(陈鼓应道典诠释书系,陈鼓应 注译,商务印书馆,2016-05-01,¥44.20,¥56.00,7.9折
191,次第花开,希阿荣博堪布,海南出版社,2012-11-01,¥33.10,¥48.00,6.9折
192,于丹趣品人生,于丹 著,中信出版社,2011-10-01,¥20.50,¥29.80,6.9折
193,沉思录（何怀宏全新修订本）,马可・奥勒留 著，何怀宏 译，领读文化 出品,北京时代华文书局,2017-09-01,¥20.20,¥42.00,4.8折
194,厚道：星云大师的人生成功课,星云大师　著,江苏文艺出版社,2011-04-01,¥23.60,¥49.50,4.8折
195,房龙三部曲(珍藏版，全彩图文，全3册：《宽容》《圣经的故事》《人类的故事》)：让我们看到人类的过去，也看...,（美）房龙  著，王锐，王阳光  译,吉林出版集团有限责任公司,2009-06-01,¥33.30,¥80.70,4.1折
196,一切都还来得及,夏坝仁波切,读者出版社,2014-08-01,¥27.30,¥38.00,7.2折
197,星云禅语 硬精装套装,星云大师 讲述，禅如居士  整理,上海文化出版社,2011-11-01,¥32.00,¥64.00,5.0折
198,正见,(不丹)宗萨蒋扬钦哲仁波切 著，新经典 出品,新星出版社,2018-03-01,¥33.70,¥45.00,7.5折
199,汉译经典028－悲剧的诞生,(德国)尼采,译林出版社,2011-08-01,¥13.80,¥20.00,6.9折
200,老子绎读,任继愈,国家图书馆出版社,2015-04-10,¥14.40,¥29.00,5.0折
201,亲历宗教,玛丽•帕特•费舍尔   著,东方出版社,2011-09-01,¥37.90,¥79.60,4.8折
202,王阳明：人生即修行,鹤阑珊,中国友谊出版公司,2012-10-01,¥24.80,¥36.00,6.9折
203,四书五经,（春秋）孔子　等著,北京联合出版公司,2016-10-01,¥17.90,¥29.90,6.0折
204,全本周易,《中华经典必读》编委会　编著,中国纺织出版社,2012-11-01,¥9.40,¥29.80,3.2折
205,逻辑思维与诡辩：南开大学60堂改变思维方式的逻辑公开课,张晓芒 著，斯坦威 出品,台海出版社,2019-04-08,¥23.70,¥49.80,4.8折
206,宗教的本质(汉译名著本),[德] 费尔巴哈,商务印书馆,2010-10-01,¥7.90,¥10.00,7.9折
207,惊呆了！哲学这么好,田中正人 著，斋藤哲也 编，新经典 出品,南海出版公司,2018-02-01,¥29.50,¥59.00,5.0折
208,楞严大义今释,南怀瑾 著作,复旦大学出版社,2014-04-01,¥25.20,¥32.00,7.9折
209,走向十字架上的真（刘小枫 著）,刘小枫　著,华东师范大学出版社,2011-09-01,¥41.70,¥58.00,7.2折
210,禅话,南怀瑾  著述,复旦大学出版社,2005-02-01,¥11.00,¥14.00,7.9折
211,中国思想史,葛兆光著,复旦大学出版社,2013-07-01,¥101.10,¥128.00,7.9折
212,药师经的济世观,南怀瑾,复旦大学出版社,2004-06-01,¥16.50,¥21.00,7.9折
213,中国哲学简史(著名哲学家冯友兰畅销数百万册的经典。指引人生，充满洞见，了解中国哲学与中国文化必读。季羡...,冯友兰著，赵复三译,民主与建设出版社,2017-07-01,¥19.90,¥39.80,5.0折
214,内观――葛印卡的解脱之道,（美）哈特　著，台湾内观禅修基金会翻译小组　译,海南出版社,2009-08-01,¥17.20,¥25.00,6.9折
215,沉重的肉身（第六版）,刘小枫  著,华夏出版社,2007-07-01,¥18.80,¥29.00,6.5折
216,老子的心事――雪煮《道德经》第一辑,雪漠,中国大百科全书出版社,2017-01-01,¥24.00,¥48.00,5.0折
217,美学讲稿,易中天， 果麦文化 出品,上海文艺出版社,2019-01-01,¥41.30,¥59.00,7.0折
218,这一代人的怕和爱（增订本）,刘小枫 著,华夏出版社,2007-01-01,¥15.30,¥29.00,5.3折
219,你值得过更好的生活,[罗伯特・沙因费尔德] 著 胡尧译,中国青年出版社,2015-12-01,¥31.60,¥40.00,7.9折
220,藏传佛教象征符号与器物图解,"（英）比尔（Beer,R.） 著，向红笳  译",中国藏学出版社,2007-04-01,¥26.20,¥35.00,7.5折
221,读佛即是拜佛：地藏菩萨传,明一居士,凤凰出版社,2012-05-01,¥20.60,¥29.90,6.9折
222,守住这颗心,延参法师 著,北京日报出版社（原同心出版社）,2012-10-01,¥20.50,¥29.80,6.9折
223,一次完全读懂佛经,慧明,武汉出版社,2010-07-01,¥18.00,¥48.00,3.8折
224,原本大学微言,南怀瑾 著作,复旦大学出版社,2014-07-01,¥33.10,¥42.00,7.9折
225,老子的心事2――雪煮《道德经》第贰辑,雪漠,中国大百科全书出版社,2018-07-01,¥29.50,¥59.00,5.0折
226,易经的奥秘：完整版,曾仕强,北京时代华文书局,2017-07-10,¥50.30,¥64.00,7.9折
227,国学经典:鬼谷子全集,鬼谷子 著，陈才俊 编,海潮出版社,2007-12-01,¥22.80,¥35.00,6.5折
228,返璞归真,（英）路易斯 著，汪咏梅  译,华东师范大学出版社,2007-03-01,¥19.60,¥24.80,7.9折
229,退一步  并不难,达照,"
               2015-06-01
",著,¥27.30,¥38.00,7.2折
230,学佛者的基本信念,南怀瑾,复旦大学出版社,2003-03-01,¥10.20,¥13.00,7.8折
231,小窗幽记（插图本）,（明）陈继儒　撰；陈桥生　评注,中华书局,2008-09-01,¥24.00,¥32.00,7.5折
232,逻辑哲学论,[奥]维特根斯坦,商务印书馆,2013-09-01,¥12.60,¥16.00,7.9折
233,老子道德经注,王弼 注，楼宇烈 校释,中华书局,2011-01-01,¥22.90,¥29.00,7.9折
234,"爱的能量(诺贝尔奖获得者特雷莎嬷嬷亲手自选集,《在爱中行走》作者华姿作序推荐)",【印度】特雷莎嬷嬷  著，聂传炎，张安毅　译,吉林出版集团有限责任公司,2011-12-01,¥20.50,¥29.80,6.9折
235,论语新解――钱穆作品系列,钱穆  著,生活.读书.新知三联书店,2005-03-01,¥26.00,¥33.00,7.9折
236,周国平人生哲思录,周国平  著,上海辞书出版社,2005-09-01,¥22.10,¥28.00,7.9折
237,仰望星空：这个星球上站得最高的灵魂,Arthur Christopher Benson,黑龙江教育出版社,2013-01-01,¥28.60,¥39.80,7.2折
238,王阳明最神奇的心学,"王阳明  原著,罗智　编著",中国华侨出版社,2012-09-01,¥23.60,¥32.80,7.2折
239,搜神记(精)中华经典名著全本全注全译丛书,马银琴 译注,中华书局,2012-01-01,¥22.50,¥30.00,7.5折
240,国学经典：论语全集,孔丘 著，陈才俊 编,海潮出版社,2007-09-01,¥12.50,¥39.80,3.1折
241,佛教十三经,赖永海 主编,中华书局,2018-07-01,¥373.70,¥529.00,7.1折
242,生命之书 [硬精装] 附赠克里希那穆提大幅头像海报――生命是场伟大的迷，了解生命本身，比其他任何事情都重...,[印度] 克里希那穆提　著，胡因梦 译,译林出版社,2012-08-01,¥29.50,¥42.80,6.9折
243,心的经典―圣严法师讲心经,圣严法师,陕西师范大学出版社,2009-11-01,¥15.60,¥24.00,6.5折
244,先秦诸子百家争鸣,易中天 著,上海文艺出版社,2009-01-01,¥51.00,¥68.00,7.5折
245,汉译世界学术名著丛书：美学,(德)黑格尔,商务印书馆,2008-09-01,¥18.90,¥24.00,7.9折
246,何来何往：平凡生活的心灵书,周国平　著,新星出版社,2012-03-01,¥26.20,¥38.00,6.9折
247,淮南子,陈广忠　译注,中华书局,2012-01-01,¥61.50,¥82.00,7.5折
248,淮南子中华经典藏书,顾迁　译注,中华书局,2009-03-01,¥12.00,¥16.00,7.5折
249,管子中华经典藏书,李山　译注,中华书局,2009-04-01,¥13.50,¥18.00,7.5折
250,塔木德精编彩插本,赛妮亚 编译,重庆出版社,2008-01-01,¥46.90,¥68.00,6.9折
251,老子的帮助,王蒙　著,贵州人民出版社,2013-02-01,¥14.90,¥29.80,5.0折
252,论语译注,杨伯峻  译注,中华书局,2006-12-01,¥18.10,¥23.00,7.9折
253,天下归仁：王蒙说《论语》,王蒙著,北京联合出版公司,2015-01-01,¥40.30,¥58.00,6.9折
254,生命这出戏,"希阿荣博堪布 著,博集天卷 出品",华文出版社,2017-05-12,¥19.90,¥39.80,5.0折
255,今日如何读新约,【美】R.E.V.伏斯特　著，冷欣 杨远征　译,华东师范大学出版社,2011-08-01,¥49.50,¥98.00,5.1折
256,一味(《超越死亡》作者、超个人心理学大师肯? 威尔伯证入大圆满境界的个人心路之作！),（美）肯・威尔伯　著，胡因梦　译,深圳报业集团出版社,2010-08-01,¥36.20,¥58.00,6.2折
257,改造命运 心想事成：了凡四训讲记--福自己求，净空大法师讲明代励志宝典,释净空　著,线装书局,2010-02-01,¥16.40,¥23.80,6.9折
258,金刚经讲话,"星云大师 著,博集天卷 出品",东方出版社,2020-01-06,¥43.60,¥88.00,5.0折
259,南怀瑾选集,南怀瑾  著,复旦大学出版社,2003-09-01,¥33.90,¥43.00,7.9折
260,生死学十四讲(胡因梦、张德芬联袂推荐.超越生死的灵修课.台湾常销10年)(当当网网络独家销售),余德慧，石佳仪  著,中国长安出版社,2011-04-01,¥19.80,¥29.00,6.8折
261,禅者的初心:一部畅销西方世界30年的禅学经典(开启乔布斯心灵的禅学经典),（日）铃木俊隆,海南出版社,2010-08-01,¥12.50,¥25.00,5.0折
262,一次完全读懂厚黑学,李宗吾  著,武汉出版社,2011-06-01,¥24.00,¥48.00,5.0折
263,荒漠甘泉―附《黑门山路》,（美）考门夫人 著，阳东，信实 译,时代文艺出版社,2003-04-01,¥32.30,¥49.80,6.5折
264,权威与个人,（英）罗素　著，储智勇　译,商务印书馆,2012-07-01,¥8.60,¥11.00,7.8折
265,厕所里的哲学课,（英）康拉德?柯列弗，（英）亚当?弗莱彻，（奥） 卢卡斯・艾格,北京联合出版有限公司,2020-06-01,¥35.80,¥49.80,7.2折
266,论语今读(李泽厚 著),李泽厚 著,生活.读书.新知三联书店,2004-03-01,¥28.90,¥38.60,7.5折
267,一切都是最好的安排.3,加措,中国友谊出版公司,2019-06-01,¥27.90,¥45.00,6.2折
268,规训与惩罚（修订译本）,(法)米歇尔？福柯 著作 刘北成,杨远婴 译者,None,¥30.00,¥38.00,7.9折
269,冯友兰：中国现代哲学史,冯友兰,广东人民出版社,2019-10-01,¥28.70,¥68.00,4.2折
270,写给大家的美学二十讲,宗白华,江苏凤凰文艺出版社,2020-10-15,¥42.40,¥68.00,6.2折
271,保富法,聂云台 著，双螺旋文化 出品,光明日报出版社,2014-02-01,¥17.30,¥35.00,4.9折
272,正念的奇迹（梁文道推荐的修行之书）,一行禅师  著,中央编译出版社,2010-01-01,¥12.50,¥25.00,5.0折
273,柏拉图对话集,[古希腊]柏拉图 著  王太庆 译,商务印书馆,2004-01-01,¥37.90,¥48.00,7.9折
274,玄奘西游记,钱文忠  著,上海书店出版社,2007-09-01,¥30.00,¥38.00,7.9折
275,尚书(精)中华经典名著全本全注全译丛书,王世舜 王翠叶译注,中华书局,2012-01-01,¥24.00,¥32.00,7.5折
276,素书,（汉）黄石　著，刘泗　编译,上海三联书店,2015-08-01,¥22.60,¥32.80,6.9折
277,天下体系:世界制度哲学导论,赵汀阳　著,中国人民大学出版社,2011-10-01,¥14.90,¥29.80,5.0折
278,这个世界没那么简单:高维思维训练的7堂课,张鹂　著,北京大学出版社,2015-06-01,¥27.30,¥39.00,7.0折
279,改造命运 心想事成-《了凡四训》讲记,爱华文,团结出版社,2010-10-01,¥13.00,¥26.00,5.0折
280,佛教故事：净空法师说,净空法师　著,长江文艺出版社,2010-01-01,¥10.00,¥20.00,5.0折
281,终止你内心的暴力：一行禅师给你安稳幸福的力量,一行禅师著,故宫出版社,2011-06-01,¥19.00,¥38.00,5.0折
282,大唐西域记(精)中华经典名著全本全注全译丛书,董志翘 译注,中华书局,2012-01-01,¥37.50,¥50.00,7.5折
283,禅海蠡测,南怀瑾,复旦大学出版社,2012-08-01,¥18.70,¥22.00,8.5折
284,一行禅师精彩选集,一行禅师　著，陈丽舟　等译,故宫出版社,2011-06-01,¥98.80,¥152.00,6.5折
285,诗化哲学（刘小枫 著）,刘小枫  著,华东师范大学出版社,2011-09-01,¥37.90,¥48.00,7.9折
286,逻辑学十五讲,陈波,北京大学出版社,2016-08-05,¥41.00,¥52.00,7.9折
287,问佛・观心,李叔同,华文出版社,2010-12-01,¥12.30,¥28.00,4.4折
288,道家真气,湛若水　著,海南出版社,2015-12-01,¥17.50,¥35.00,5.0折
289,生命的奇迹 水知道,（日）江本胜　著，冯亚彬　译,新世界出版社,,¥16.20,¥25.00,6.5折
290,如何修证佛法,南怀瑾 著述,复旦大学出版社,2001-10-01,¥22.10,¥28.00,7.9折
291,智慧引领幸福,周国平著,山东人民出版社,2013-07-01,¥17.10,¥39.00,4.4折
292,安士全书白话解 ,曾琦云,内蒙古人民出版社,2003-05-01,¥41.40,¥60.00,6.9折
293,王阳明,秦家懿,生活.读书.新知三联书店,2011-12-01,¥22.10,¥28.00,7.9折
294,尼各马可伦理学,（古希腊）亚里士多德　著，廖申白　译注,商务印书馆,2003-11-01,¥20.50,¥26.00,7.9折
295,佛教入门――三论宗,释惟贤  著,巴蜀书社,2009-12-01,¥12.50,¥25.00,5.0折
296,季羡林谈佛,季羡林  著,武汉出版社,2011-08-01,¥19.00,¥38.00,5.0折
297,一心走路：一行禅师最伟大的生命觉醒之作（与胡因梦、梁文道、郑振煌一起踏上佛陀使者的喜悦之旅）,一行禅师　著,故宫出版社,,¥19.00,¥38.00,5.0折
298,爱的正念：听一行禅师讲活在当下的智慧,一行禅师,现代出版社,2012-03-01,¥26.20,¥38.00,6.9折
299,论语和算盘,（日）涩泽荣一　著，李政　译,江西美术出版社,2010-08-01,¥9.80,¥20.00,4.9折
300,学会提问,[美] 尼尔?布朗 (Neil Browne) ，斯图尔特?基利 (Stuart Keeley) 著,机械工业出版社,2019-04-05,¥35.40,¥59.00,6.0折
301,关于这颗心：戒 定 慧,(泰) 阿姜查著,海南出版社,2010-11-01,¥30.00,¥48.00,6.3折
302,空空之外,雪漠,中国大百科全书出版社,2016-08-01,¥24.00,¥48.00,5.0折
303,心学大师王阳明,周月亮  著,长江文艺出版社,2012-07-01,¥26.20,¥38.00,6.9折
304,新教伦理与资本主义精神,(德)马克斯・韦伯,北京大学出版社,2012-09-03,¥20.50,¥28.00,7.3折
305,孔子的智慧,林语堂 著，博集天卷 出品,湖南文艺出版社,2016-09-01,¥16.20,¥32.80,4.9折
306,与心对话：向活佛学放心  藏传佛教天外见天，透解世间迷思；从循安心路径，做有福报的人,嘎玛仁波切,江苏文艺出版社,2010-02-01,¥22.00,¥32.00,6.9折
307,原本大学微言,南怀瑾 著,复旦大学出版社,2003-04-01,¥30.00,¥38.00,7.9折
308,自我与本我,[奥地利]西格蒙德・弗洛伊德著 林尘、张唤民、陈伟奇译,上海译文出版社,,¥22.10,¥28.00,7.9折
309,齐家治国 女德为要：《女诫》学习心得,陈静瑜　著,中国华侨出版社,2012-04-01,¥17.90,¥26.00,6.9折
310,人生的智慧,[德]叔本华 著 韦启昌 译,上海人民出版社,2018-04-01,¥37.80,¥48.00,7.9折
311,孟子,方勇译注,中华书局,2013-09-01,¥16.50,¥22.00,7.5折
312,灵之舞：著名哲学家邓晓芒 立足西方古典哲学 介入当代中国思想进程 直逼本质的终极思考 投向人性深处的思辨...,邓晓芒，高高国际 出品,作家出版社,2016-10-01,¥19.30,¥39.00,4.9折
313,楞伽大义今释,南怀瑾 著述,复旦大学出版社,2001-10-01,¥19.70,¥25.00,7.9折
314,茶密禅心,悟义,文汇出版社,2013-01-01,¥27.00,¥54.00,5.0折
315,伦理学,（荷兰）斯宾诺沙  著，贺麟  译,商务印书馆,1983-03-01,¥15.80,¥20.00,7.9折
316,孟子,方勇 译注,中华书局,2017-12-01,¥19.50,¥26.00,7.5折
317,点灯的人――南怀瑾先生纪念集,本书编写组 编,东方出版社,2013-03-01,¥51.00,¥68.00,7.5折
318,佛教入门――华严宗,英武　著,巴蜀书社,2009-12-01,¥13.00,¥26.00,5.0折
319,佛教入门――天台宗,朱封鳌　著,巴蜀书社,2009-12-01,¥15.00,¥30.00,5.0折
320,曾国藩做官・做人・治家・治世智慧全书：礼品装家庭必读书,（宋)司马光 著  《礼品书家庭必读书》编委会,辽海出版社,2014-01-02,¥99.00,¥198.00,5.0折
321,智慧引领幸福：周国平力作，幸福在于生命的单纯和精神的丰富。,周国平　著,山东人民出版社,2012-05-01,¥12.70,¥29.00,4.4折
322,佛教常识答问,赵朴初,华文出版社,2011-08-01,¥8.80,¥18.00,4.9折
323,爱心中爆发的智慧,多识仁波切  著,国际文化出版公司,2010-06-01,¥25.90,¥39.90,6.5折
324,列子臆说（下）―,南怀瑾,东方出版社,2011-03-01,¥23.20,¥31.00,7.5折
325,唐翼明解读《颜氏家训》(唐翼明取国学家训经典，解当今家教难题。易中天、唐浩明、钱文忠诚意推荐。内附《颜...,唐翼明,湖南科技出版社,2012-08-01,¥22.50,¥32.00,7.0折
326,周易集解纂疏――十三经清人注疏,[清]李道平　撰 潘雨廷　点校,中华书局,2011-01-01,¥53.50,¥72.00,7.4折
327,佛教入门――律宗,释大恩  著,巴蜀书社,2009-12-01,¥20.70,¥30.00,6.9折
328,晏子春秋/中华经典藏书,陈涛,中华书局,2007-12-01,¥14.20,¥19.00,7.5折
329,颜氏家训-中华经典藏书,檀作文,中华书局,2007-12-01,¥12.70,¥17.00,7.5折
330,心经修心课：不烦恼的活法,(日)濑户内寂听,华文出版社,2013-10-01,¥27.30,¥38.00,7.2折
331,你当刚强壮胆,（美）陆可铎　著，柳惠容　译,南方出版社,2012-03-01,¥17.20,¥29.00,5.9折
332,尼山书院的二十六堂国学课,刘建华,北京大学出版社,2015-04-05,¥33.10,¥48.00,6.9折
333,纯粹理性批判,康德著   邓晓芒译 杨祖陶校 著,人民出版社,2017-03-30,¥54.50,¥69.00,7.9折
334,心灵神医,东杜法王仁波切  著，郑振煌  译,中国藏学出版社,2006-01-01,¥18.00,¥25.00,7.2折
335,季羡林谈人生,季羡林  著,武汉出版社,2011-08-01,¥24.80,¥36.00,6.9折
336,生活的艺术,林语堂  著,群言出版社,2010-09-01,¥18.20,¥28.00,6.5折
337,抖音推荐处世智慧书全12本鬼谷子+狼道+墨菲定律+人性的弱点+羊皮卷+人际关系交往口才三绝格局等,李宗吾,线装书局,2018-06-01,¥23.50,¥300.40,0.8折
338,回家之旅,(美)茹阿达纳特？斯瓦米,新世界出版社,2012-01-01,¥24.90,¥49.80,5.0折
339,邵子易数,（宋）邵雍　撰，周浩良　整理,九州出版社,2013-01-01,¥15.80,¥32.00,4.9折
340,细讲大学-《大学》研习报告,钟茂森　著,团结出版社,2011-06-01,¥17.20,¥25.00,6.9折
341,世界观: 现代人必须要懂的科学哲学和科学史,[美]理查德?德威特（Richard DeWitt） 孙天 译,机械工业出版社,2018-11-15,¥74.20,¥99.00,7.5折
342,张居正讲解《大学.中庸》,（明）张居正  著,中国华侨,2009-03-01,¥7.50,¥24.00,3.1折
343,宗镜录,（宋）释延寿 著，麦点出品,三秦出版社,2017-10-01,¥158.40,¥198.00,8.0折
344,超越时空,（印）克里希耶穆提，（美）博姆　著，胡因梦　译,长安出版社发行部,2009-06-01,¥19.30,¥28.00,6.9折
345,上帝笑了99次：哲学悖论里的大思考,[英]彼得・凯弗(Peter Cave) 著，程水英 译，未读 出品，,北京联合出版有限公司,2019-02-01,¥38.20,¥78.00,4.9折
346,身边的逻辑学,（美）派顿,中信出版社,2011-08-01,¥22.90,¥29.00,7.9折
347,一种人生观(冯友兰的人生哲学)/朗朗书房・文化要义丛书,冯友兰  著,中国人民大学出版社,2005-01-01,¥9.60,¥12.80,7.5折
348,人是一根会思考的芦苇,帕斯卡 著    郭向南 编译,北京联合出版公司,2017-02-01,¥33.10,¥46.00,7.2折
349,中国思想通俗讲话――钱穆作品系列,钱穆  著,生活.读书.新知三联书店,2005-07-01,¥10.10,¥12.80,7.9折
350,道德经释义（修订版）,任法融,东方出版社,2012-07-01,¥18.00,¥24.00,7.5折
351,图解梅花易数,（宋）邵康节　原著，汤行易　编著,陕西师范大学出版社,2012-04-01,¥62.30,¥68.00,9.2折
352,索达吉堪布经典畅销作品集,索达吉堪布　著,甘肃人民美术出版社,2013-08-01,¥109.40,¥152.00,7.2折
353,中国道教发展史略,南怀瑾,复旦大学出版社,2010-09-01,¥11.00,¥14.00,7.9折
354,为官之道,曾仕强    著,陕西师范大学出版社,2012-02-01,¥20.70,¥30.00,6.9折
355,斐多:柏拉图对话录之一,（古希腊）柏拉图,生活.读书.新知三联书店,2011-03-01,¥20.50,¥26.00,7.9折
356,价值的理由：认清你自己，追寻生命的意义，明白什么是良好的生活。陈嘉映力作，徐晓推荐。,陈嘉映  著,中信出版社,2012-05-01,¥26.20,¥35.00,7.5折
357,熊十力别集（全五册）：读经示要、原儒、体用论、新唯识论,熊十力　著,中国人民大学出版社,2006-06-01,¥58.20,¥133.00,4.4折
358,新思文库・你的第一本哲学书,[美]托马斯・内格尔 著 宝树 译,中信出版社,2016-11-23,¥21.30,¥32.00,6.7折
359,答问青壮年参禅者,南怀瑾,上海人民出版社,2008-05-01,¥17.30,¥22.00,7.9折
360,心灵爱语：当我灵命陷入低潮时 (新老版本随机发货）,Henri Nouwen,世界知识出版社,2012-08-01,¥22.10,¥26.00,8.5折
361,金刚经.坛经,张卫国　注译,崇文书局（原湖北辞书出版社）,2007-09-01,¥5.30,¥15.00,3.5折
362,列子臆说（上）―,南怀瑾,东方出版社,2010-12-01,¥16.50,¥33.00,5.0折
363,中国佛教发展史略,南怀瑾,复旦大学出版社,2010-09-01,¥14.20,¥18.00,7.9折
364,逻辑学  上卷,（德）黑格尔 著，杨之一 译,商务印书馆,2003-05-01,¥15.00,¥19.00,7.9折
365,中国近代思想与学术的系谱,王��森　著,吉林出版集团有限责任公司,2011-01-01,¥22.50,¥45.00,5.0折
366,弘一大师说佛,弘一　著,中国华侨出版社,2011-03-01,¥25.20,¥42.00,6.0折
367,当代学术：中国古代思想史论,李泽厚,生活.读书.新知三联书店,2017-06-01,¥51.30,¥65.00,7.9折
368,王阳明：一切心法（全两册）,熊逸  著， 联合读创   出品,北京联合出版有限公司,2018-01-01,¥57.00,¥118.00,4.8折
369,意识形态与乌托邦（西方学术经典译丛）,（德）卡尔・曼海姆  著，姚仁权  译,中国社会科学出版社,2009-12-01,¥30.00,¥38.00,7.9折
370,纯粹理性批判,（德）康德　著，蓝公武　译,商务印书馆,,¥37.90,¥48.00,7.9折
371,哥德尔・艾舍尔・巴赫,[美]侯世达 著，本书翻译组 译,商务印书馆,1996-04-01,¥77.40,¥98.00,7.9折
372,莲心禅韵――这本书可以丰富你的生命,（印）奥修　著，谦达那　译,陕西师范大学出版社,2007-12-01,¥19.30,¥29.80,6.5折
373,老子今注今译,陈鼓应　注译,商务印书馆,2003-12-01,¥23.70,¥30.00,7.9折
374,大圆满前行,嘎玛仁波切,新星出版社,2016-01-01,¥74.30,¥150.00,5.0折
375,老子今注今译,陈鼓应 注释,商务印书馆,2003-12-01,¥29.00,¥42.00,6.9折
376,圣经故事,俞萍著  华文天下出品,吉林出版集团股份有限公司,2019-01-31,¥49.00,¥98.00,5.0折
377,法言(精)--中华经典名著全本全注全译丛书,韩敬,中华书局,2012-10-01,¥21.70,¥29.00,7.5折
378,哲学研究（西方学术经典译丛）,（英）路德维希・维特根斯坦  著，蔡远  译,中国社会科学出版社,2009-12-01,¥17.10,¥38.00,4.5折
379,辜鸿铭英译《论语》,(春秋)孔丘,云南人民出版社,2011-12-01,¥18.50,¥38.80,4.8折
380,佛教入门――佛典入门,英武  著,巴蜀书社,2009-12-01,¥27.50,¥55.00,5.0折
381,"很哲学,狠幽默：一天读懂西方哲学史",张天龙   著,上海三联书店,2014-05-01,¥19.30,¥29.80,6.5折
382,实践理性批判（西方学术经典译丛）,（德）伊曼努尔・康德  著，张永奇  译,中国社会科学出版社,2009-12-01,¥22.10,¥28.00,7.9折
383,佛教基本知识,正果法师  编述,中国人民大学出版社,2007-10-01,¥17.10,¥39.00,4.4折
384,佛教入门――净土宗,英武，正信　著,巴蜀书社,2009-12-01,¥15.00,¥30.00,5.0折
385,沉重的肉身,刘小枫　著,华夏出版社,2012-01-01,¥28.00,¥39.00,7.2折
386,《传习录》  ,王阳明,北京联合出版有限公司,2017-12-25,¥30.90,¥45.00,6.9折
387,易经系传别讲,南怀瑾  著述,复旦大学出版社,2005-12-01,¥22.10,¥28.00,7.9折
388,恋人絮语,（法）巴特　著，汪耀进，武佩荣　译,上海人民出版社,2009-06-01,¥18.90,¥24.00,7.9折
389,大雅・新师说：庄子哲学讲记(2016年中国好书获奖作品。北大教授三十余年研究成果、北大精品课结晶，通往庄子...,郑开,广西人民出版社,2016-06-10,¥23.00,¥46.00,5.0折
390,天下・中国现代思想的起源,金观涛 刘青峰,法律出版社,2011-06-01,¥33.70,¥45.00,7.5折
391,修行即修心：一念心清净莲花处处开,罗俊英,中国华侨出版社,2013-03-01,¥30.10,¥32.00,9.4折
392,逻辑哲学论(汉译名著本),[奥]维特根斯坦 著  贺绍甲 译,商务印书馆,1996-12-01,¥10.20,¥13.00,7.8折
393,季羡林谈人生,季羡林　著,武汉出版社,2011-08-01,¥16.40,¥45.00,3.6折
394,列子臆说（中）―,南怀瑾,东方出版社,2011-02-01,¥26.20,¥35.00,7.5折
395,孤独通行证,〔德〕亚瑟・叔本华,江苏凤凰文艺出版社,2017-11-20,¥19.70,¥39.80,4.9折
396,空了:金刚经心读,费勇 著,上海人民出版社,2009-05-01,¥20.50,¥26.00,7.9折
397,清净心,雅光　著,武汉出版社,2012-04-01,¥16.00,¥32.00,5.0折
398,存在与时间,（德）海德格尔  著，陈嘉映，王庆节 合译,生活.读书.新知三联书店,2006-04-01,¥22.10,¥28.00,7.9折
399,悲剧的诞生――汉译世界学术名著丛书,（德）尼采　著，孙周兴　译,商务印书馆,2012-06-01,¥17.30,¥25.00,6.9折
400,辩证法随谈,李瑞环,中国人民大学出版社,2007-04-01,¥28.40,¥36.00,7.9折
401,金刚经说什么,南怀瑾,东方出版社,2019-06-01,¥22.80,¥52.00,4.4折
402,古希腊哲学史纲,（德）策勒尔　著，翁绍军　译,山东人民出版社,2007-04-01,¥10.10,¥23.00,4.4折
403,相约星期二(新版),米奇・阿尔博姆（Albom.M.） 著；吴洪 译,上海译文出版社,2017-07-01,¥19.70,¥25.00,7.9折
404,尼采：在世纪的转折点上,周国平  著,上海人民出版社,1986-07-01,¥15.80,¥20.00,7.9折
405,人之镜：著名哲学家邓晓芒 以哲人眼光比较中西方经典人格 透过经典文学谈人性与人生  作家出版社重点出版,邓晓芒，高高国际 出品,作家出版社,2016-10-01,¥17.30,¥35.00,4.9折
406,道德形而上学基础（西方学术经典译丛）,[德]伊曼努尔.康德著,中国社会科学出版社,2009-12-01,¥14.20,¥18.00,7.9折
407,悲剧的诞生,"（德）尼采（Nietzsche,F）　著；周国平　译",上海人民出版社,2009-07-01,¥33.10,¥42.00,7.9折
408,读佛即是拜佛：弥勒佛传 (佛的故事都好看！弥勒佛传微笑上市！),明一居士,凤凰出版社,2013-03-01,¥22.00,¥32.00,6.9折
409,读佛即是拜佛：真实的唐僧,明一居士 著；读客文化 出品,凤凰出版社,2012-07-01,¥20.60,¥29.90,6.9折
410,孝经研习报告,钟茂森  著,中国华侨出版社,2010-05-01,¥19.30,¥29.80,6.5折
411,迷悟之间,星云大师　著,中华书局,2010-04-01,¥184.50,¥246.00,7.5折
412,神圣者的观念,(德)鲁道夫・奥托  著，丁建波 译,中国社会科学出版社,2009-12-01,¥8.10,¥28.00,2.9折
413,百业经(索达吉堪布译):藏汉翻译丛书,索达吉堪布　译,藏文古籍出版社,2012-10-01,¥30.00,¥38.00,7.9折
414,克里希.那穆提系列―爱与寂寞,克里希那穆提,九州出版社,2010-08-01,¥16.30,¥24.00,6.8折
415,陶造生命系列:有话问苍天：畅销百万的ECPA金奖图书,【美】杨腓力 ；译者 黄陈妙玲　著,中国电影出版社,2010-06-01,¥19.30,¥28.00,6.9折
416,十善业道经讲记,净空法师,北方文艺出版社,2010-12-01,¥19.00,¥38.00,5.0折
417,厚黑学全集,李宗吾 著,中国城市出版社,2010-01-01,¥21.40,¥29.80,7.2折
418,哲学100问,书杰,华文出版社,2019-11-01,¥68.00,¥136.00,5.0折
419,新思文库・哲学・科学・常识,陈嘉映 著;,中信出版社,2018-03-15,¥38.40,¥58.00,6.6折
420,黄帝阴符经（修订版）,任法融,东方出版社,2012-07-01,¥11.00,¥22.00,5.0折
421,人性论,［英］大卫・休谟　著，石碧球　译,中国社会科学出版社,2009-12-01,¥30.40,¥38.00,8.0折
422,逻辑新引・怎样判别是非,殷海光,四川人民出版社,2018-06-01,¥34.00,¥68.00,5.0折
423,薄伽梵歌(汉译名著本),(古印度)毗耶娑,商务印书馆,2011-04-01,¥11.80,¥15.00,7.9折
424,一切都是最好的安排,加措,中国友谊出版公司,2018-05-01,¥21.90,¥39.80,5.5折
425,灵魂之旅：著名哲学家邓晓芒 评析莫言、王朔、贾平凹、顾城、史铁生……聚焦中国文学黄金时代，探寻国人的灵...,邓晓芒，高高国际 出品,作家出版社,2016-10-01,¥17.20,¥39.00,4.4折
426,智囊全集,(明)冯梦龙,中国财富杂志社,2013-07-01,¥136.60,¥198.00,6.9折
427,中国哲学十五讲,杨立华,北京大学出版社,2019-03-01,¥40.30,¥52.00,7.8折
428,从异教徒到基督徒,林语堂  著,湖南文艺出版社,2012-01-01,¥19.30,¥28.00,6.9折
429,梵网经佛教十三经,赖永海主编,中华书局,2010-05-01,¥16.50,¥22.00,7.5折
430,吕祖秘注道德经心传,老子,广西师范大学出版社,2014-05-01,¥28.50,¥38.00,7.5折
431,圆觉经略说,南怀瑾 著作,复旦大学出版社,2014-04-01,¥19.70,¥25.00,7.9折
432,西方哲学研究翻译丛书：柏拉图-生平及其著作,"（英）A.E.泰勒  著, 谢随知 , 苗力田 , 徐鹏  译",山东人民出版社,2008-06-01,¥31.80,¥49.00,6.5折
433,十善业道经：断恶修善，净空大法师讲教中的修戒,释净空,线装书局,2010-03-01,¥19.90,¥39.80,5.0折
434,余英时访谈录(精）,陈致访谈,中华书局,2012-03-01,¥24.00,¥32.00,7.5折
435,般若禅：读懂<心经>的快乐智慧,曾琦云  著,文化艺术出版社,2009-11-01,¥12.20,¥29.80,4.1折
436,曾仕强详解道德经：德经,曾仕强,民主与建设出版社,2016-07-25,¥33.20,¥42.00,7.9折
437,用好你的富缘：活佛的人生财富课--活佛教你珍重与财富的缘分，修财神修好财富的通道，做驾驭无尽财富的智者,嘎玛仁波切,江苏文艺出版社,2010-11-01,¥16.00,¥32.00,5.0折
438,国学经典：中庸全集,子思 著，陈才俊 编,海潮出版社,2009-03-01,¥23.10,¥39.00,5.9折
439,逻辑学讲义(汉译名著本),(德)康德,商务印书馆,2011-03-01,¥11.80,¥15.00,7.9折
440,学佛问答-净空法师给学佛人的入门指引,释净空  著,线装书局,2011-05-01,¥46.90,¥68.00,6.9折
441,道家真气,湛若水　著,海南出版社,2013-04-01,¥22.00,¥32.00,6.9折
442,逍遥游：当《庄子》遭遇现实,熊逸,线装书局,2011-06-01,¥6.90,¥36.80,1.9折
443,红尘中最美的重逢：与仓央嘉措一起修行,聂晓阳,华夏出版社,2013-11-01,¥26.90,¥39.00,6.9折
444,科学禅定,高月明 著 青豆书坊 出品,河南人民出版社,2010-06-01,¥120.80,¥198.00,6.1折
445,传习录译注,王守仁 撰，王晓昕 译注,中华书局,2018-03-01,¥34.70,¥49.00,7.1折
446,祈愿的力量,(法国)一行禅师,海南出版社,2011-09-01,¥11.00,¥22.00,5.0折
447,慧灯之光,慈诚罗珠堪布　著,None,2013-06-01,¥190.00,¥264.00,7.2折
448,传家宝(全四集),（清）石成金 编撰，喻岳衡 校订,岳麓书社,2002-10-01,¥26.00,¥40.00,6.5折
449,"论语诵读本--""中华诵・经典诵读行动""读本系列","""中华诵.经典诵读行动""读本编委会 编",中华书局,2012-08-01,¥11.20,¥15.00,7.5折
450,智慧的觉醒,[印度]克里希那穆提　著，宋颜　译,重庆出版社,2010-06-01,¥31.40,¥39.80,7.9折
451,印光大师说佛,印光　著,中国华侨出版社,2011-03-01,¥25.20,¥42.00,6.0折
452,金枝―巫术与宗教之研究 (全两册),（英）弗雷泽　著，汪培基，徐育新，张泽石　译,商务印书馆,2012-10-01,¥69.50,¥88.00,7.9折
453,星云大师对你说：一次拥有15堂无价的幸福人生课,星云大师李晶玉,上海文化出版社,2011-08-01,¥16.20,¥25.00,6.5折
454,单向度的人――发达工业社会意识形态研究,(美)赫伯特・马尔库塞,上海译文出版社,2008-06-01,¥20.50,¥26.00,7.9折
455,南怀瑾选集,南怀瑾  著述,复旦大学出版社,2003-12-01,¥33.90,¥43.00,7.9折
456,中国哲学小史――国学基础文库,冯友兰  著,中国人民大学出版社,2005-02-01,¥6.50,¥14.80,4.4折
457,思辨的禅趣：《坛经》视野下的世界秩序,熊逸,线装书局,2011-06-01,¥6.90,¥36.60,1.9折
458,国学的天空--人人都能看懂的国学入门之作，用孔、孟、老、庄的智慧解答当代人的心灵困惑,傅佩荣 著,陕西师范大学出版社,2009-04-01,¥19.30,¥29.80,6.5折
459,地藏菩萨本愿经浅释/宣化法师讲述,宣化法师　讲述,宗教文化出版社,2007-10-01,¥25.50,¥34.00,7.5折
460,性文化简史,李书崇,群言出版社,2015-07-01,¥27.60,¥46.00,6.0折
461,孟子趣说1.用历史擦亮思想,熊逸  著,中国华侨出版社,2012-02-01,¥6.00,¥32.00,1.9折
462,拣尽寒枝（增订本）,刘小枫  著,华夏出版社,2007-01-01,¥15.30,¥29.00,5.3折
463,周易参同契（修订版）,任法融,东方出版社,2012-07-01,¥12.90,¥26.00,5.0折
464,活在时间之外,"【韩】法顶禅师　著，薛舟,徐丽红　译",重庆出版社,2011-08-01,¥22.10,¥28.00,7.9折
465,新批判主义 ,邓晓芒 著，高高国际 出品,作家出版社,2019-01-31,¥43.60,¥88.00,5.0折
466,老子的智慧,林语堂 著，黄嘉德 译,当代世界出版社,2009-09-01,¥18.80,¥23.80,7.9折
467,德意志意识形态节选本,中央编译局 编译,人民出版社,2003-02-01,¥6.70,¥9.00,7.4折
468,失而复得的日记：宋尚节日记摘抄,宋天真,团结出版社,2011-08-01,¥27.40,¥39.80,6.9折
469,在最深的忧伤里吟唱-和仓央嘉措一同参悟,聂晓阳,华夏出版社,2014-01-01,¥26.90,¥39.00,6.9折
470,铃木大拙禅学经典第一辑：禅学入门,(日)铃木大拙,海南出版社,2012-03-01,¥23.00,¥32.00,7.2折
471,殉道史,(英)约翰・福克斯,生活.读书.新知三联书店,2011-01-01,¥23.50,¥29.80,7.9折
472,如何是好,任彦申,江苏人民出版社,2013-09-01,¥16.70,¥28.00,6.0折
473,觅宗记：佛教八宗一派遗迹寻访,韦力  著,上海文艺出版社,2016-11-01,¥150.00,¥230.00,6.5折
474,菩提道次第广论,宗喀巴　著，法尊　译,青海人民出版社,2012-07-01,¥25.50,¥34.00,7.5折
475,四朝高僧传：弘一法师修行枕边书，详载东汉以来1377位清净高僧的悟道人生,〔南朝・梁〕慧皎、〔唐〕道宣、〔宋〕赞宁、〔明〕如惺,中国书店出版社,2018-05-01,¥110.00,¥368.00,3.0折
476,印光法师文钞全集,释印光　著,团结出版社,2013-12-01,¥72.80,¥168.00,4.3折
477,叔本华・附录和补遗,[德] 阿图尔・叔本华 著   韦启昌 译,上海人民出版社,2019-03-01,¥124.40,¥158.00,7.9折
478,王阳明《传习录》详注集评,陈荣捷,重庆出版社,2017-03-01,¥29.60,¥59.80,4.9折
479,查拉图斯特拉如是说（西方学术经典译丛）,[德]弗里德里希.尼采,中国社会科学出版社,2009-12-01,¥28.50,¥38.00,7.5折
480,哲学概论：台湾学者编著，经由三史六论带你进入哲学的迷人世界，追求人性的真善美圣,邬昆如   著,中国人民大学出版社,2005-02-01,¥22.00,¥36.80,6.0折
481,思辨与立场：生活中无处不在的批判性思维工具,（美）理查德・保罗(Richard W.Paul)等,中国人民大学出版社,2016-07-01,¥46.50,¥75.00,6.2折
482,圣经里的女性,（美）金凯森　著,甘肃人民美术出版社,2011-03-01,¥23.40,¥34.00,6.9折
483,寂静之道,希阿荣博堪布,世界图书出版公司,2017-05-10,¥29.80,¥39.80,7.5折
484,中国社会中的宗教,杨庆��（C. K. Yang）著、范丽珠 译,四川人民出版社,2016-10-01,¥34.00,¥68.00,5.0折
485,活出生命的意义,维克多・弗兰克尔 著     吕娜　译,华夏出版社,2018-04-01,¥38.60,¥49.80,7.8折
486,汉译世界学术名著丛书：美学,（德）黑格尔　著；朱光潜　译,商务印书馆,,¥19.70,¥25.00,7.9折
487,与仓央嘉措一起修行,聂晓阳,华夏出版社,2011-07-01,¥24.80,¥36.00,6.9折
488,庄子/中华国粹经典文库,张庆利 注译,崇文书局（原湖北辞书出版社）,2007-09-01,¥5.20,¥14.80,3.5折
489,一次完全读懂命理运程梦占,王学典,武汉出版社,2011-06-01,¥34.00,¥68.00,5.0折
490,张载集--理学丛书,[宋] 张载　著，章锡琛　校,中华书局,2012-06-01,¥28.00,¥43.00,6.5折
491,超值白金版：四书・五经/珍藏本,孔子 等,华文出版社,2009-11-01,¥14.80,¥29.80,5.0折
492,中国禅宗思想发展史,麻天祥　著,湖南教育出版社,2011-10-01,¥33.10,¥42.00,7.9折
493,无死的金刚心,雪漠,中央编译出版社,2012-04-01,¥40.00,¥58.00,6.9折
494,人的境况,[美] 汉娜・阿伦特  著  王寅丽  译,上海人民出版社,2017-04-01,¥53.60,¥68.00,7.9折
495,老子的帮助,王蒙,华夏出版社,2009-01-01,¥27.40,¥39.80,6.9折
496,复旦名师陈果：好的孤独+好的爱情套装2册,陈果 著；读客文化 出品,人民日报出版社,2018-04-27,¥37.50,¥75.00,5.0折
497,快乐之源,嘎玛仁波切,东方出版社,2013-10-01,¥19.00,¥38.00,5.0折
498,圣经故事 大全集,王峥嵘  编著,中国华侨出版社,2011-01-01,¥20.50,¥29.80,6.9折
499,哲学起步  ,邓晓芒,商务印书馆,2017-11-01,¥32.80,¥45.00,7.3折
500,孟子旁通,南怀瑾 著述,复旦大学出版社,2003-12-01,¥18.90,¥24.00,7.9折
